// <auto-generated>
//   Generated by tools/QRInteropFixtures: dotnet run --project tools/QRInteropFixtures -- generate-kanji-table
//   Source data: tools/QRInteropFixtures/kanji-sweep.tsv (probe-kanji-sweep), through ShiftJisKanjiTable.
//   Do not edit by hand; regenerate instead. See .github/docs/specs/qrcode-symbologies.md.
// </auto-generated>

using System.Buffers.Binary;
using System.Runtime.CompilerServices;

namespace FeatherQR.Internals;

/// <summary>
/// Unicode to ISO/IEC 18004 Kanji mode, the encoder's inverse of <see cref="ShiftJisKanjiTable"/>.
/// Maps a UTF-16 code unit to the 13-bit compacted value (8.4.5) of its JIS X 0208 cell.
/// </summary>
/// <remarks>
/// <para>
/// It holds the forward table's cells minus the ones CP932 reads differently: a symbol written at one of those cells decodes to different text in a CP932 reader and in this library, whichever reading was written.
/// The generator refuses to emit unless this table is the exact inverse of the forward one over the remaining cells; the canonical statement of the rule is in .github/docs/specs/qrcode-symbologies.md.
/// </para>
/// <para>
/// Layout: a directory over the code unit's high byte, then per 64 code units a record of a membership word and the count of members before it, then the values in code-unit order packed at 13 bits.
/// A lookup is three dependent loads and a popcount, with no search, no allocation and no static constructor.
/// </para>
/// </remarks>
internal static class ShiftJisKanjiReverseTable
{
    /// <summary>Characters that have an encoder cell.</summary>
    public const int EncoderCellCount = 6872;

    /// <summary>Directory entry of a high byte that holds no encoder cell.</summary>
    private const byte NoPage = 0xFF;

    /// <summary>A membership word (8 bytes) and the count of members before it (2 bytes).</summary>
    private const int RecordSize = 10;

    /// <summary>
    /// Maps a UTF-16 code unit to the 13-bit Kanji-mode value of its cell, or -1 when it has no encoder cell.
    /// </summary>
    [MethodImpl(MethodImplOptions.AggressiveInlining)]
    public static int Lookup(char c)
    {
        int page = Pages[c >> 8];
        if (page == NoPage) return -1;
        var record = Blocks.Slice((page * 4 + ((c >> 6) & 3)) * RecordSize, RecordSize);
        var word = BinaryPrimitives.ReadUInt64LittleEndian(record);
        var bit = 1UL << (c & 63);
        if ((word & bit) == 0) return -1;
        var rank = BinaryPrimitives.ReadUInt16LittleEndian(record.Slice(8)) + PopCount(word & (bit - 1));
        var at = rank * 13;
        return (int)(BinaryPrimitives.ReadUInt32LittleEndian(Values.Slice(at >> 3)) >> (at & 7)) & 0x1FFF;
    }

    /// <summary>
    /// Whether a UTF-16 code unit has an encoder cell: <see cref="Lookup"/> without the rank and the value, for a pass that asks only which characters Kanji mode can hold and leaves the values to the writer.
    /// </summary>
    [MethodImpl(MethodImplOptions.AggressiveInlining)]
    public static bool HasCell(char c)
    {
        int page = Pages[c >> 8];
        return page != NoPage
            && (BinaryPrimitives.ReadUInt64LittleEndian(Blocks.Slice((page * 4 + ((c >> 6) & 3)) * RecordSize)) & (1UL << (c & 63))) != 0;
    }

    [MethodImpl(MethodImplOptions.AggressiveInlining)]
    private static int PopCount(ulong value)
    {
#if NET8_0_OR_GREATER
        return System.Numerics.BitOperations.PopCount(value);
#else
        // SWAR popcount for targets without System.Numerics.BitOperations.
        value -= (value >> 1) & 0x5555555555555555UL;
        value = (value & 0x3333333333333333UL) + ((value >> 2) & 0x3333333333333333UL);
        value = (value + (value >> 4)) & 0x0F0F0F0F0F0F0F0FUL;
        return (int)((value * 0x0101010101010101UL) >> 56);
#endif
    }

    // Byte-typed span literals become RVA data (no allocation, no static constructor).
    // Multi-byte fields are little-endian.

    // Directory: high byte to page number, 0xFF for none. 256 bytes.
    private static ReadOnlySpan<byte> Pages =>
    [
        0x00, 0xFF, 0xFF, 0x01, 0x02, 0xFF, 0xFF, 0xFF, 0xFF, 0xFF, 0xFF, 0xFF, 0xFF, 0xFF, 0xFF, 0xFF,
        0xFF, 0xFF, 0xFF, 0xFF, 0xFF, 0xFF, 0xFF, 0xFF, 0xFF, 0xFF, 0xFF, 0xFF, 0xFF, 0xFF, 0xFF, 0xFF,
        0x03, 0x04, 0x05, 0x06, 0xFF, 0x07, 0x08, 0xFF, 0xFF, 0xFF, 0xFF, 0xFF, 0xFF, 0xFF, 0xFF, 0xFF,
        0x09, 0xFF, 0xFF, 0xFF, 0xFF, 0xFF, 0xFF, 0xFF, 0xFF, 0xFF, 0xFF, 0xFF, 0xFF, 0xFF, 0xFF, 0xFF,
        0xFF, 0xFF, 0xFF, 0xFF, 0xFF, 0xFF, 0xFF, 0xFF, 0xFF, 0xFF, 0xFF, 0xFF, 0xFF, 0xFF, 0x0A, 0x0B,
        0x0C, 0x0D, 0x0E, 0x0F, 0x10, 0x11, 0x12, 0x13, 0x14, 0x15, 0x16, 0x17, 0x18, 0x19, 0x1A, 0x1B,
        0x1C, 0x1D, 0x1E, 0x1F, 0x20, 0x21, 0x22, 0x23, 0x24, 0x25, 0x26, 0x27, 0x28, 0x29, 0x2A, 0x2B,
        0x2C, 0x2D, 0x2E, 0x2F, 0x30, 0x31, 0x32, 0x33, 0x34, 0x35, 0x36, 0x37, 0x38, 0x39, 0x3A, 0x3B,
        0x3C, 0x3D, 0x3E, 0x3F, 0x40, 0x41, 0x42, 0x43, 0x44, 0x45, 0x46, 0x47, 0x48, 0x49, 0x4A, 0x4B,
        0x4C, 0x4D, 0x4E, 0x4F, 0x50, 0x51, 0x52, 0x53, 0x54, 0x55, 0x56, 0x57, 0x58, 0x59, 0x5A, 0x5B,
        0xFF, 0xFF, 0xFF, 0xFF, 0xFF, 0xFF, 0xFF, 0xFF, 0xFF, 0xFF, 0xFF, 0xFF, 0xFF, 0xFF, 0xFF, 0xFF,
        0xFF, 0xFF, 0xFF, 0xFF, 0xFF, 0xFF, 0xFF, 0xFF, 0xFF, 0xFF, 0xFF, 0xFF, 0xFF, 0xFF, 0xFF, 0xFF,
        0xFF, 0xFF, 0xFF, 0xFF, 0xFF, 0xFF, 0xFF, 0xFF, 0xFF, 0xFF, 0xFF, 0xFF, 0xFF, 0xFF, 0xFF, 0xFF,
        0xFF, 0xFF, 0xFF, 0xFF, 0xFF, 0xFF, 0xFF, 0xFF, 0xFF, 0xFF, 0xFF, 0xFF, 0xFF, 0xFF, 0xFF, 0xFF,
        0xFF, 0xFF, 0xFF, 0xFF, 0xFF, 0xFF, 0xFF, 0xFF, 0xFF, 0xFF, 0xFF, 0xFF, 0xFF, 0xFF, 0xFF, 0xFF,
        0xFF, 0xFF, 0xFF, 0xFF, 0xFF, 0xFF, 0xFF, 0xFF, 0xFF, 0xFF, 0xFF, 0xFF, 0xFF, 0xFF, 0xFF, 0x5C,
    ];

    // 4 records per page, one per 64 code units. 3,720 bytes.
    private static ReadOnlySpan<byte> Blocks =>
    [
        0x00, 0x00, 0x00, 0x00, 0x00, 0x00, 0x00, 0x00, 0x00, 0x00, 0x00, 0x00, 0x00, 0x00, 0x00, 0x00,
        0x00, 0x00, 0x00, 0x00, 0x00, 0x00, 0x00, 0x00, 0x80, 0x01, 0x53, 0x00, 0x00, 0x00, 0x00, 0x00,
        0x80, 0x00, 0x00, 0x00, 0x80, 0x00, 0x06, 0x00, 0x00, 0x00, 0x00, 0x00, 0x00, 0x00, 0x00, 0x00,
        0x08, 0x00, 0x00, 0x00, 0x00, 0x00, 0x00, 0x00, 0x00, 0x00, 0x08, 0x00, 0x00, 0x00, 0xFE, 0xFF,
        0xFB, 0x03, 0xFE, 0xFF, 0x08, 0x00, 0xFB, 0x03, 0x00, 0x00, 0x00, 0x00, 0x00, 0x00, 0x2F, 0x00,
        0x02, 0x00, 0xFF, 0xFF, 0xFF, 0xFF, 0xFF, 0xFF, 0x38, 0x00, 0xFF, 0xFF, 0x02, 0x00, 0x00, 0x00,
        0x00, 0x00, 0x69, 0x00, 0x00, 0x00, 0x00, 0x00, 0x00, 0x00, 0x00, 0x00, 0x7A, 0x00, 0x00, 0x00,
        0x00, 0x00, 0x00, 0x00, 0x00, 0x00, 0x7A, 0x00, 0x00, 0x00, 0x21, 0x33, 0x63, 0x00, 0x0D, 0x08,
        0x7A, 0x00, 0x00, 0x00, 0x00, 0x00, 0x00, 0x00, 0x00, 0x00, 0x88, 0x00, 0x00, 0x00, 0x00, 0x00,
        0x00, 0x00, 0x00, 0x00, 0x88, 0x00, 0x00, 0x00, 0x00, 0x00, 0x00, 0x00, 0x00, 0x00, 0x88, 0x00,
        0x08, 0x00, 0x00, 0x00, 0x00, 0x08, 0x00, 0x00, 0x88, 0x00, 0x00, 0x00, 0x00, 0x00, 0x00, 0x00,
        0x00, 0x00, 0x8A, 0x00, 0x00, 0x00, 0x0F, 0x00, 0x00, 0x00, 0x00, 0x00, 0x8A, 0x00, 0x00, 0x00,
        0x14, 0x00, 0x00, 0x00, 0x00, 0x00, 0x8E, 0x00, 0x8D, 0x09, 0x00, 0x64, 0x81, 0x1F, 0x30, 0x20,
        0x90, 0x00, 0x00, 0x00, 0x04, 0x00, 0xC3, 0x0C, 0x00, 0x00, 0xA3, 0x00, 0xCC, 0x00, 0x00, 0x00,
        0x20, 0x00, 0x00, 0x00, 0xAA, 0x00, 0x00, 0x00, 0x00, 0x00, 0x00, 0x00, 0x00, 0x00, 0xAF, 0x00,
        0x00, 0x00, 0x04, 0x00, 0x00, 0x00, 0x00, 0x00, 0xAF, 0x00, 0x00, 0x00, 0x00, 0x00, 0x00, 0x00,
        0x00, 0x00, 0xB0, 0x00, 0x00, 0x00, 0x00, 0x00, 0x00, 0x00, 0x00, 0x00, 0xB0, 0x00, 0x00, 0x00,
        0x00, 0x00, 0x00, 0x00, 0x00, 0x00, 0xB0, 0x00, 0x0F, 0x90, 0x99, 0x39, 0x39, 0x99, 0x99, 0x99,
        0xB0, 0x00, 0x04, 0x08, 0x00, 0x00, 0x00, 0x00, 0x00, 0x00, 0xCE, 0x00, 0x00, 0x00, 0x00, 0x00,
        0x03, 0x00, 0x0C, 0x30, 0xD0, 0x00, 0xC0, 0xC8, 0x00, 0x00, 0x00, 0x80, 0x00, 0x00, 0xD6, 0x00,
        0x60, 0x00, 0x00, 0x00, 0x00, 0x00, 0x00, 0x00, 0xDC, 0x00, 0x05, 0x00, 0x00, 0x00, 0x00, 0xA4,
        0x00, 0x00, 0xDE, 0x00, 0x00, 0x00, 0x00, 0x00, 0x00, 0x00, 0x00, 0x00, 0xE3, 0x00, 0x00, 0x00,
        0x00, 0x00, 0x00, 0x00, 0x00, 0x00, 0xE3, 0x00, 0xEF, 0xFF, 0x3F, 0x00, 0x00, 0x00, 0x00, 0x00,
        0xE3, 0x00, 0xFE, 0xFF, 0xFF, 0xFF, 0xFF, 0xFF, 0xFF, 0xFF, 0xF8, 0x00, 0xFF, 0xFF, 0x0F, 0x78,
        0xFE, 0xFF, 0xFF, 0xFF, 0x37, 0x01, 0xFF, 0xFF, 0xFF, 0xFF, 0xFF, 0xFF, 0x7F, 0x78, 0x6E, 0x01,
        0x8B, 0x6F, 0xF3, 0x43, 0x42, 0x24, 0x46, 0x9B, 0xA9, 0x01, 0x2C, 0xE8, 0xE0, 0xE3, 0x04, 0x00,
        0x0A, 0x40, 0xC8, 0x01, 0x65, 0x5F, 0x36, 0xDB, 0x77, 0x79, 0x49, 0x04, 0xDB, 0x01, 0xD7, 0xEC,
        0xF0, 0xE3, 0x38, 0x60, 0xC5, 0x08, 0xFE, 0x01, 0x02, 0xE6, 0x03, 0x34, 0x00, 0x80, 0x51, 0x35,
        0x1C, 0x02, 0xC8, 0xE0, 0xAB, 0x7E, 0x00, 0x82, 0x69, 0x98, 0x2F, 0x02, 0x48, 0xA9, 0x42, 0x29,
        0x03, 0xE8, 0x60, 0x80, 0x49, 0x02, 0x1C, 0x44, 0x93, 0xAD, 0x3A, 0xC0, 0x68, 0x45, 0x5D, 0x02,
        0x60, 0xAA, 0x56, 0x86, 0x7A, 0x3F, 0x40, 0x02, 0x77, 0x02, 0x88, 0x83, 0x61, 0x14, 0x20, 0x10,
        0x74, 0x21, 0x91, 0x02, 0x21, 0x20, 0x02, 0x07, 0x00, 0x30, 0xBC, 0x40, 0xA3, 0x02, 0x24, 0xA6,
        0x62, 0x44, 0xA8, 0x60, 0x20, 0x0A, 0xB2, 0x02, 0x17, 0x02, 0x74, 0x85, 0x02, 0x04, 0x84, 0x9C,
        0xC5, 0x02, 0xFB, 0x7B, 0x15, 0x14, 0x24, 0x7F, 0xE2, 0x11, 0xD9, 0x02, 0x65, 0xB6, 0xEF, 0x02,
        0x75, 0x1F, 0xFF, 0x20, 0xFA, 0x02, 0x70, 0x3A, 0x40, 0x38, 0xC3, 0x26, 0x63, 0x67, 0x1E, 0x03,
        0xD9, 0x4D, 0x92, 0x20, 0xB0, 0x46, 0xC9, 0x0F, 0x39, 0x03, 0x98, 0xBC, 0x50, 0x48, 0x38, 0x86,
        0x3F, 0xA0, 0x54, 0x03, 0x88, 0x23, 0x16, 0x88, 0x09, 0x3E, 0x32, 0x52, 0x6E, 0x03, 0xAA, 0x22,
        0xA4, 0xE3, 0xDD, 0x00, 0x2C, 0xC7, 0x85, 0x03, 0x66, 0xA1, 0xE1, 0x26, 0x0B, 0x84, 0x0A, 0x8F,
        0xA1, 0x03, 0xEB, 0x27, 0x9E, 0x55, 0x41, 0xC2, 0xBB, 0x89, 0xBB, 0x03, 0x14, 0x00, 0x40, 0x85,
        0x61, 0x63, 0x49, 0x08, 0xDC, 0x03, 0x0C, 0x7F, 0xD0, 0x8A, 0x3E, 0xFF, 0xCF, 0x05, 0xED, 0x03,
        0x1A, 0xFF, 0x03, 0xA8, 0x41, 0x7A, 0x40, 0x7B, 0x11, 0x04, 0x45, 0x47, 0x02, 0x80, 0x00, 0x05,
        0xEB, 0x38, 0x2F, 0x04, 0x51, 0xD8, 0x05, 0x00, 0x34, 0x99, 0x0C, 0x71, 0x43, 0x04, 0x97, 0x03,
        0x00, 0x01, 0x66, 0x63, 0x04, 0x24, 0x59, 0x04, 0xD0, 0x80, 0x51, 0x00, 0x00, 0xC0, 0x0A, 0x43,
        0x6C, 0x04, 0x71, 0x90, 0xC8, 0x30, 0x08, 0x00, 0x00, 0x58, 0x7A, 0x04, 0x99, 0x0E, 0x00, 0xF7,
        0x80, 0x5F, 0x41, 0x00, 0x89, 0x04, 0xB0, 0x00, 0x10, 0x94, 0x18, 0x00, 0x80, 0x62, 0xA0, 0x04,
        0x40, 0x02, 0xD0, 0x09, 0x00, 0x82, 0x56, 0x01, 0xAD, 0x04, 0x04, 0x50, 0x01, 0x08, 0x10, 0x1D,
        0x10, 0x05, 0xBB, 0x04, 0xC1, 0x84, 0x10, 0x00, 0x25, 0x40, 0x50, 0x10, 0xC8, 0x04, 0x0F, 0x41,
        0x8A, 0x4D, 0x09, 0x40, 0x0D, 0xA6, 0xD5, 0x04, 0x19, 0xAB, 0x4C, 0x91, 0xC0, 0x21, 0x81, 0x09,
        0xEC, 0x04, 0x85, 0xC4, 0x03, 0x00, 0x52, 0x06, 0x00, 0x80, 0x02, 0x05, 0x04, 0x0B, 0x08, 0x00,
        0x1D, 0x04, 0x09, 0x00, 0x10, 0x05, 0x49, 0x48, 0x5C, 0x90, 0x09, 0x00, 0x90, 0x16, 0x1C, 0x05,
        0x65, 0x0C, 0x20, 0x22, 0x12, 0x84, 0x33, 0x24, 0x2E, 0x05, 0x03, 0x0C, 0x96, 0x47, 0x04, 0x0A,
        0x25, 0x42, 0x41, 0x05, 0x28, 0x00, 0x88, 0x90, 0x00, 0x49, 0x08, 0x4F, 0x55, 0x05, 0xA2, 0x14,
        0xAA, 0xD3, 0x30, 0xD8, 0x87, 0x3E, 0x64, 0x05, 0x04, 0x86, 0x61, 0x1F, 0xA4, 0x7E, 0x86, 0x41,
        0x81, 0x05, 0x90, 0xC3, 0xB3, 0x05, 0xA5, 0x57, 0x18, 0x21, 0x9B, 0x05, 0x1E, 0x24, 0x48, 0x2A,
        0x28, 0x11, 0x04, 0x4A, 0xB5, 0x05, 0x40, 0x0A, 0x1B, 0x16, 0x60, 0x0D, 0x40, 0x88, 0xC8, 0x05,
        0x0A, 0x02, 0x02, 0x95, 0x21, 0x82, 0x60, 0x10, 0xDA, 0x05, 0x43, 0x02, 0x00, 0x04, 0x44, 0x14,
        0x00, 0x80, 0xE9, 0x05, 0x00, 0x00, 0x04, 0x0C, 0x00, 0x00, 0x00, 0x70, 0xF3, 0x05, 0x06, 0x1A,
        0xC1, 0x00, 0x4A, 0x02, 0x00, 0x0C, 0xF9, 0x05, 0x00, 0x1A, 0x40, 0x00, 0x04, 0x14, 0x45, 0x40,
        0x07, 0x06, 0x29, 0x00, 0xB3, 0xBD, 0x78, 0x0A, 0x2B, 0x05, 0x12, 0x06, 0xA9, 0xBB, 0xA0, 0xBF,
        0x7C, 0x40, 0x79, 0x83, 0x2C, 0x06, 0xFC, 0x12, 0x1D, 0xE8, 0xF6, 0x4B, 0x69, 0xC5, 0x4D, 0x06,
        0xF6, 0xEF, 0x4A, 0x04, 0x15, 0x21, 0x02, 0xFF, 0x6F, 0x06, 0x63, 0xED, 0x2B, 0x40, 0x33, 0xD0,
        0x42, 0x02, 0x8E, 0x06, 0x00, 0x10, 0x13, 0x00, 0x02, 0x1B, 0xCA, 0x59, 0xA7, 0x06, 0xA0, 0x00,
        0x00, 0x02, 0x03, 0xA7, 0x41, 0x2C, 0xB8, 0x06, 0x80, 0x48, 0xF2, 0x8F, 0x04, 0x02, 0x00, 0x00,
        0xC7, 0x06, 0x00, 0x58, 0x05, 0x10, 0x00, 0x92, 0x48, 0x00, 0xD6, 0x06, 0x94, 0x18, 0x01, 0x20,
        0x04, 0x50, 0x80, 0x34, 0xE1, 0x06, 0x00, 0x32, 0x4C, 0x68, 0xEA, 0x49, 0xBE, 0x68, 0xEF, 0x06,
        0x4C, 0x18, 0x42, 0x2E, 0x20, 0xA8, 0xC9, 0x21, 0x09, 0x07, 0xB9, 0x50, 0xB0, 0x80, 0x1E, 0x00,
        0x7C, 0xFF, 0x1E, 0x07, 0x9A, 0x84, 0xE0, 0x14, 0xC1, 0x28, 0xE0, 0x01, 0x3A, 0x07, 0x0E, 0x87,
        0x49, 0xAC, 0x0F, 0x13, 0xDB, 0xDD, 0x4E, 0x07, 0x1A, 0xBE, 0xFB, 0x89, 0xE0, 0xA2, 0xA2, 0x51,
        0x6F, 0x07, 0x02, 0x55, 0xCA, 0x32, 0x46, 0x3E, 0x8B, 0x92, 0x8E, 0x07, 0xBF, 0x1D, 0x8F, 0x43,
        0x03, 0x67, 0x18, 0x32, 0xA9, 0x07, 0x28, 0x30, 0xC0, 0x33, 0x11, 0x08, 0x23, 0xA9, 0xC8, 0x07,
        0x00, 0xC0, 0x65, 0x3A, 0xE3, 0x8F, 0x02, 0x04, 0xDC, 0x07, 0x4E, 0x2C, 0x25, 0x86, 0x3D, 0xBF,
        0xA1, 0x00, 0xF2, 0x07, 0x1A, 0x3A, 0xD4, 0x8C, 0xC9, 0x06, 0x7C, 0x31, 0x0E, 0x08, 0xE0, 0x00,
        0x0A, 0x95, 0x8B, 0x01, 0xDB, 0x0E, 0x2A, 0x08, 0x4B, 0xE3, 0x20, 0x8C, 0x82, 0x11, 0x10, 0xF0,
        0x41, 0x08, 0x94, 0x7D, 0x28, 0xA7, 0xAC, 0xC9, 0xFB, 0x40, 0x57, 0x08, 0x84, 0x44, 0x53, 0x06,
        0x90, 0x5A, 0x44, 0x44, 0x77, 0x08, 0xC8, 0x3F, 0x01, 0x00, 0x48, 0x00, 0xD4, 0xF5, 0x8B, 0x08,
        0x01, 0x77, 0x57, 0xEC, 0x42, 0xC4, 0x1D, 0x89, 0xA1, 0x08, 0x83, 0x6B, 0x28, 0x49, 0x09, 0x41,
        0x42, 0xD2, 0xBE, 0x08, 0x1D, 0x06, 0xFE, 0x59, 0x00, 0x18, 0x22, 0x3A, 0xD5, 0x08, 0xE4, 0xB7,
        0x9F, 0x3B, 0x03, 0xF0, 0xEA, 0xC0, 0xEE, 0x08, 0x86, 0x13, 0x02, 0x82, 0x80, 0x89, 0x00, 0xE4,
        0x10, 0x09, 0x00, 0xB2, 0xA1, 0x10, 0x80, 0x4B, 0xC4, 0x0C, 0x21, 0x09, 0x09, 0xD3, 0x44, 0x89,
        0xAF, 0x1F, 0x34, 0x48, 0x33, 0x09, 0x59, 0x82, 0x45, 0x0C, 0x0A, 0x42, 0x50, 0x04, 0x4F, 0x09,
        0x40, 0xA0, 0xC8, 0x10, 0x40, 0x31, 0x50, 0x44, 0x61, 0x09, 0x04, 0x40, 0x00, 0x01, 0x80, 0x82,
        0x40, 0x05, 0x70, 0x09, 0x08, 0x01, 0x2C, 0x44, 0x30, 0x6A, 0x05, 0x1A, 0x79, 0x09, 0xA6, 0x20,
        0x14, 0x05, 0xCF, 0x90, 0x56, 0x64, 0x8B, 0x09, 0x21, 0x00, 0x00, 0x31, 0x18, 0x9C, 0xF0, 0xCB,
        0xA3, 0x09, 0x20, 0xA1, 0xE2, 0x63, 0x4C, 0x10, 0xB5, 0x01, 0xB7, 0x09, 0x8C, 0x53, 0x83, 0x9A,
        0xB2, 0xB8, 0x81, 0x32, 0xCD, 0x09, 0x7A, 0x98, 0x84, 0x0A, 0xE7, 0x33, 0x02, 0x0C, 0xE8, 0x09,
        0xCC, 0xD4, 0x18, 0x90, 0xA1, 0xA1, 0x70, 0x90, 0x01, 0x0A, 0x1E, 0x8A, 0x04, 0xE0, 0xD4, 0xC3,
        0x51, 0x04, 0x18, 0x0A, 0x9A, 0x43, 0xC2, 0x21, 0x44, 0x48, 0x10, 0x53, 0x2F, 0x0A, 0x92, 0x02,
        0x40, 0x36, 0x41, 0x02, 0xBD, 0xF3, 0x44, 0x0A, 0x09, 0xAB, 0xF0, 0xE8, 0xC0, 0x7D, 0xD2, 0xA5,
        0x5C, 0x0A, 0x42, 0xC2, 0x4B, 0xD2, 0x3F, 0xA4, 0xAF, 0xD0, 0x7B, 0x0A, 0xA0, 0x1A, 0xA1, 0x34,
        0x47, 0x82, 0xD8, 0x03, 0x9A, 0x0A, 0x52, 0xC4, 0x1B, 0x65, 0x94, 0xD2, 0x3A, 0xC8, 0xB1, 0x0A,
        0x1C, 0x00, 0xC8, 0x40, 0x06, 0x0E, 0x14, 0x33, 0xCD, 0x0A, 0x4F, 0x61, 0x1B, 0xB2, 0x88, 0x00,
        0xD0, 0xC0, 0xDF, 0x0A, 0x2A, 0xA0, 0x98, 0xA8, 0xC5, 0xA1, 0x6B, 0x16, 0xF6, 0x0A, 0x50, 0x2E,
        0xB4, 0x85, 0x8B, 0xC0, 0x04, 0x06, 0x10, 0x0B, 0x33, 0xF9, 0x04, 0x1E, 0x6E, 0x05, 0x51, 0xA2,
        0x26, 0x0B, 0x00, 0x04, 0x38, 0x76, 0x07, 0xEC, 0xB8, 0x73, 0x42, 0x0B, 0x06, 0x44, 0x32, 0x18,
        0x81, 0x40, 0x16, 0xC8, 0x5C, 0x0B, 0x8A, 0x7C, 0x09, 0x63, 0x80, 0x29, 0x04, 0xAA, 0x6E, 0x0B,
        0x24, 0x1C, 0x9C, 0xCA, 0x0E, 0x4E, 0x60, 0x27, 0x85, 0x0B, 0x90, 0x09, 0x00, 0x83, 0x46, 0x00,
        0x04, 0x81, 0x9F, 0x0B, 0x11, 0x60, 0x81, 0x10, 0x0D, 0x54, 0x08, 0x09, 0xAC, 0x0B, 0x0E, 0x00,
        0x0A, 0xCC, 0x00, 0x05, 0x00, 0x0C, 0xBC, 0x0B, 0x30, 0x04, 0x44, 0xA0, 0x8B, 0x00, 0x84, 0x67,
        0xC9, 0x0B, 0x88, 0x52, 0x19, 0x8A, 0x5E, 0x86, 0x18, 0x8B, 0xDB, 0x0B, 0x59, 0x2E, 0x60, 0x41,
        0x10, 0x8C, 0xBE, 0x9C, 0xF4, 0x0B, 0x61, 0x68, 0x1C, 0x89, 0x00, 0x98, 0x08, 0x00, 0x0E, 0x0C,
        0x00, 0x81, 0x9A, 0x08, 0x18, 0x00, 0x90, 0x41, 0x1E, 0x0C, 0x07, 0x40, 0xA1, 0xE4, 0x05, 0x05,
        0x0D, 0x64, 0x2B, 0x0C, 0x0E, 0x31, 0x4D, 0x0E, 0x06, 0x48, 0x0A, 0xFF, 0x40, 0x0C, 0x32, 0x16,
        0xA8, 0x2A, 0x2E, 0x85, 0x0B, 0x00, 0x5B, 0x0C, 0x00, 0x18, 0x84, 0xCA, 0x20, 0x0E, 0x6C, 0x69,
        0x71, 0x0C, 0x32, 0x00, 0x00, 0x16, 0x58, 0x56, 0x90, 0x03, 0x85, 0x0C, 0x20, 0x51, 0x28, 0x1A,
        0x00, 0x80, 0x24, 0x11, 0x96, 0x0C, 0xE1, 0x18, 0x26, 0x43, 0x52, 0x5D, 0xAA, 0x0E, 0xA4, 0x0C,
        0xA0, 0x0F, 0x28, 0xAE, 0x7B, 0xFA, 0x00, 0x45, 0xBF, 0x0C, 0x08, 0x64, 0x40, 0x89, 0x80, 0xC8,
        0x44, 0xC0, 0xDB, 0x0C, 0x05, 0x90, 0x41, 0xB1, 0x24, 0x84, 0xC4, 0x24, 0xEB, 0x0C, 0x34, 0x1A,
        0x3A, 0x60, 0x00, 0x90, 0x94, 0xC1, 0xFE, 0x0C, 0x46, 0x82, 0x3A, 0x00, 0x0D, 0x18, 0x06, 0xC1,
        0x12, 0x0D, 0x22, 0x00, 0x10, 0x99, 0x50, 0xE0, 0x11, 0x15, 0x25, 0x0D, 0x57, 0x40, 0x82, 0x00,
        0x1A, 0x04, 0x0A, 0x02, 0x36, 0x0D, 0x4F, 0x00, 0x30, 0x89, 0x13, 0xD8, 0x4A, 0x44, 0x45, 0x0D,
        0x02, 0x8A, 0x22, 0xED, 0xC0, 0x10, 0x05, 0x40, 0x5B, 0x0D, 0x00, 0x10, 0x02, 0x01, 0x08, 0x88,
        0x01, 0x31, 0x6D, 0x0D, 0x00, 0x46, 0x04, 0x02, 0x00, 0xF0, 0x08, 0x07, 0x77, 0x0D, 0x00, 0x89,
        0x00, 0xA2, 0x00, 0x00, 0x02, 0x22, 0x84, 0x0D, 0x00, 0x02, 0x10, 0x16, 0x42, 0x00, 0x40, 0x10,
        0x8D, 0x0D, 0x00, 0x52, 0x60, 0x02, 0xF4, 0x52, 0x00, 0x20, 0x96, 0x0D, 0x10, 0x85, 0x30, 0x82,
        0x00, 0x11, 0x02, 0x42, 0xA5, 0x0D, 0x08, 0x43, 0xB5, 0x80, 0xE1, 0x70, 0x20, 0x9A, 0xB2, 0x0D,
        0x40, 0x20, 0x01, 0x08, 0x00, 0x35, 0x65, 0xFC, 0xC8, 0x0D, 0xC1, 0x19, 0x04, 0xAB, 0x86, 0x02,
        0x14, 0x62, 0xDA, 0x0D, 0x87, 0x00, 0x44, 0x00, 0x85, 0x90, 0x44, 0x02, 0xEF, 0x0D, 0x5C, 0x40,
        0x85, 0x0A, 0x07, 0x32, 0x80, 0x33, 0xFD, 0x0D, 0x00, 0x04, 0xC0, 0xB8, 0x20, 0xCE, 0xD0, 0xC0,
        0x12, 0x0E, 0x30, 0xC0, 0x80, 0x00, 0x08, 0x05, 0x25, 0x0D, 0x24, 0x0E, 0x90, 0x0A, 0x40, 0x00,
        0x00, 0x02, 0x0C, 0x08, 0x32, 0x0E, 0x05, 0x65, 0x00, 0x40, 0x21, 0x64, 0x02, 0x41, 0x3B, 0x0E,
        0x68, 0x02, 0x00, 0x00, 0x24, 0x00, 0x7C, 0x84, 0x4A, 0x0E, 0x02, 0x00, 0x20, 0xDE, 0x19, 0x86,
        0x49, 0x40, 0x57, 0x0E, 0x08, 0x08, 0x00, 0x40, 0x84, 0x00, 0x01, 0x20, 0x69, 0x0E, 0x00, 0x84,
        0x10, 0x10, 0xCD, 0x42, 0xC7, 0x01, 0x70, 0x0E, 0x38, 0x70, 0x2A, 0xD5, 0x68, 0x19, 0x8F, 0x1D,
        0x81, 0x0E, 0x50, 0xBE, 0x12, 0x3E, 0xF5, 0x2E, 0xD9, 0x81, 0x9E, 0x0E, 0xC4, 0xCE, 0x12, 0x24,
        0x28, 0x08, 0x2E, 0x73, 0xBE, 0x0E, 0xAC, 0x24, 0x34, 0x4B, 0x0C, 0x02, 0x1D, 0xD4, 0xD6, 0x0E,
        0x02, 0x2A, 0x00, 0x80, 0x97, 0x00, 0x11, 0x08, 0xEE, 0x0E, 0xC4, 0x11, 0x44, 0x11, 0x86, 0x17,
        0x45, 0x7D, 0xFB, 0x0E, 0xD9, 0x49, 0x49, 0x06, 0x00, 0x40, 0x91, 0x87, 0x14, 0x0F, 0x4C, 0x25,
        0xC4, 0xD8, 0xBA, 0x44, 0x14, 0x49, 0x29, 0x0F, 0x92, 0x1B, 0x00, 0xC8, 0x71, 0x02, 0x80, 0x15,
        0x42, 0x0F, 0x81, 0x00, 0x00, 0x0C, 0x6A, 0x09, 0x00, 0xC2, 0x55, 0x0F, 0x00, 0x48, 0x02, 0x40,
        0x21, 0x30, 0x49, 0xBA, 0x62, 0x0F, 0x80, 0x20, 0x80, 0x1C, 0xAC, 0xE2, 0x08, 0x10, 0x72, 0x0F,
        0x04, 0x10, 0x34, 0x00, 0xE1, 0x00, 0x14, 0x84, 0x82, 0x0F, 0x20, 0x00, 0x00, 0x20, 0x00, 0x98,
        0x14, 0x10, 0x8F, 0x0F, 0xC2, 0x70, 0xAA, 0x04, 0x88, 0x86, 0x20, 0x54, 0x97, 0x0F, 0x62, 0x0C,
        0x13, 0x04, 0x80, 0x91, 0x10, 0x20, 0xAB, 0x0F, 0x82, 0x40, 0x06, 0x02, 0x40, 0x1C, 0x00, 0x54,
        0xBA, 0x0F, 0x83, 0x03, 0xE9, 0xE4, 0x25, 0x21, 0x80, 0x84, 0xC7, 0x0F, 0x33, 0xE4, 0x00, 0x20,
        0xC0, 0x44, 0x09, 0xE6, 0xDD, 0x0F, 0x03, 0x0A, 0x26, 0x81, 0xDA, 0x12, 0x01, 0x08, 0xF1, 0x0F,
        0x01, 0x69, 0x90, 0x97, 0x01, 0x40, 0x86, 0xF8, 0x03, 0x10, 0x4D, 0xE2, 0x81, 0x00, 0x0E, 0x0A,
        0x51, 0xA6, 0x19, 0x10, 0x1A, 0x01, 0xEC, 0x81, 0x00, 0xC6, 0x41, 0x84, 0x2F, 0x10, 0xB8, 0xAD,
        0x2C, 0xB6, 0x6F, 0xA4, 0x41, 0x87, 0x42, 0x10, 0x54, 0x8D, 0x02, 0x4B, 0x61, 0x11, 0x68, 0x02,
        0x62, 0x10, 0x60, 0xBB, 0x57, 0x20, 0xA0, 0x50, 0x33, 0x04, 0x77, 0x10, 0xC0, 0xA8, 0xB4, 0xB7,
        0x02, 0x24, 0x12, 0x01, 0x8E, 0x10, 0xD3, 0x9A, 0x00, 0x20, 0x71, 0x22, 0xC8, 0x00, 0xA3, 0x10,
        0x81, 0x20, 0x9E, 0x80, 0x8A, 0x0C, 0x80, 0xE1, 0xB6, 0x10, 0x09, 0xB0, 0x51, 0x81, 0x31, 0x10,
        0x28, 0x40, 0xC9, 0x10, 0x0E, 0x2A, 0xA5, 0x89, 0xB6, 0x69, 0x0E, 0x62, 0xDA, 0x10, 0x25, 0x44,
        0x44, 0xD1, 0x85, 0x80, 0x54, 0x4D, 0xF6, 0x10, 0x75, 0x2C, 0xB1, 0x1F, 0x07, 0xD8, 0x2D, 0x86,
        0x0C, 0x11, 0x7C, 0xD8, 0x41, 0x48, 0x4E, 0x41, 0x6E, 0x22, 0x2B, 0x11, 0x00, 0x82, 0x08, 0x9E,
        0x0C, 0xF8, 0x37, 0xED, 0x45, 0x11, 0x80, 0x8C, 0x26, 0x75, 0x13, 0x93, 0x14, 0x08, 0x5F, 0x11,
        0x32, 0x0E, 0x04, 0xC8, 0x4E, 0x48, 0xA6, 0x6E, 0x75, 0x11, 0x4A, 0x2C, 0x70, 0x66, 0xC0, 0x26,
        0x01, 0xBA, 0x8E, 0x11, 0x0C, 0xD3, 0x5D, 0x18, 0x00, 0x00, 0x00, 0x00, 0xA6, 0x11, 0x00, 0x00,
        0x00, 0x00, 0x00, 0x00, 0x00, 0x00, 0xB4, 0x11, 0x00, 0x00, 0x00, 0x00, 0x00, 0x00, 0x40, 0x05,
        0xB4, 0x11, 0x20, 0x70, 0x33, 0x81, 0x81, 0x4F, 0xA5, 0x03, 0xB7, 0x11, 0xEC, 0x55, 0x10, 0x64,
        0x18, 0xC3, 0x44, 0x23, 0xCE, 0x11, 0x62, 0x14, 0x34, 0x00, 0x43, 0x0A, 0x09, 0x1A, 0xE6, 0x11,
        0x7B, 0x18, 0xA5, 0x13, 0x02, 0x01, 0x48, 0xA8, 0xF8, 0x11, 0x40, 0x04, 0x44, 0xC5, 0x06, 0x81,
        0xDD, 0xE2, 0x0E, 0x12, 0xF0, 0x1A, 0x48, 0x2D, 0x26, 0xB6, 0x16, 0x04, 0x24, 0x12, 0x58, 0x50,
        0x40, 0x6E, 0x32, 0x80, 0x12, 0x31, 0x3D, 0x12, 0xE4, 0x07, 0x00, 0x0C, 0x08, 0x82, 0x0A, 0x42,
        0x51, 0x12, 0x40, 0x48, 0x3B, 0x80, 0x60, 0x48, 0x13, 0x87, 0x61, 0x12, 0x0D, 0x85, 0x28, 0x34,
        0x19, 0x03, 0x29, 0xE5, 0x75, 0x12, 0x45, 0x23, 0x0A, 0x87, 0xA9, 0x25, 0x18, 0x5C, 0x8D, 0x12,
        0xA6, 0x77, 0xC5, 0xD9, 0x00, 0x5E, 0xE8, 0x03, 0xA6, 0x12, 0x81, 0x00, 0x00, 0xA7, 0x54, 0xCD,
        0xC6, 0x41, 0xC4, 0x12, 0x00, 0x28, 0x04, 0xA2, 0x60, 0xB8, 0x0A, 0x2B, 0xD9, 0x12, 0x20, 0x00,
        0x9E, 0xDA, 0xEA, 0x08, 0x1A, 0x0E, 0xEB, 0x12, 0x7C, 0x42, 0xC0, 0x11, 0x08, 0x89, 0x76, 0x03,
        0x02, 0x13, 0x21, 0x86, 0x05, 0x01, 0x00, 0x00, 0xA8, 0x18, 0x18, 0x13, 0xA0, 0x46, 0x48, 0xC4,
        0x05, 0x0D, 0x22, 0x20, 0x25, 0x13, 0x22, 0x54, 0x48, 0x91, 0x01, 0x8A, 0x97, 0x28, 0x37, 0x13,
        0x98, 0x78, 0x08, 0x00, 0x05, 0x16, 0x22, 0x31, 0x4C, 0x13, 0x40, 0x42, 0x80, 0x08, 0x4E, 0xFA,
        0xA2, 0x06, 0x5E, 0x13, 0x14, 0x08, 0x11, 0x92, 0x02, 0x20, 0x04, 0x9B, 0x72, 0x13, 0x52, 0x2E,
        0x43, 0x06, 0x00, 0x50, 0x10, 0x90, 0x82, 0x13, 0x41, 0x00, 0xBA, 0x85, 0x42, 0x30, 0x20, 0x20,
        0x93, 0x13, 0x0B, 0x4F, 0xA0, 0x05, 0x08, 0x27, 0x80, 0x40, 0xA3, 0x13, 0x91, 0x05, 0x93, 0x1A,
        0x50, 0xDF, 0x00, 0x06, 0xB6, 0x13, 0x02, 0xA2, 0x21, 0x30, 0x30, 0x06, 0x80, 0x4E, 0xCD, 0x13,
        0xC4, 0x0C, 0xC8, 0x04, 0x04, 0xA0, 0x01, 0x80, 0xDE, 0x13, 0x00, 0x60, 0x31, 0xD4, 0x80, 0x08,
        0x02, 0x0A, 0xEC, 0x13, 0x00, 0x1C, 0x28, 0x00, 0x18, 0x8E, 0x41, 0x00, 0xFA, 0x13, 0xD0, 0x6A,
        0x10, 0xCA, 0x10, 0xF2, 0x00, 0x4B, 0x07, 0x14, 0x4D, 0x27, 0x06, 0x15, 0x20, 0x02, 0x90, 0x88,
        0x1D, 0x14, 0x00, 0x5A, 0xA8, 0x82, 0x49, 0x45, 0x50, 0x81, 0x30, 0x14, 0x04, 0x20, 0x00, 0x80,
        0x04, 0x88, 0x08, 0x2C, 0x43, 0x14, 0xD1, 0x08, 0x05, 0x00, 0x01, 0x80, 0xC4, 0x4A, 0x4D, 0x14,
        0x20, 0xE0, 0x62, 0x00, 0x8E, 0x00, 0x42, 0x0A, 0x5C, 0x14, 0x55, 0x30, 0x8C, 0x6A, 0x0E, 0x09,
        0xA5, 0xE0, 0x6B, 0x14, 0x06, 0x29, 0xC4, 0x42, 0x14, 0x48, 0xB3, 0x80, 0x84, 0x14, 0x3E, 0x80,
        0x30, 0xB3, 0x02, 0x01, 0x1C, 0x73, 0x98, 0x14, 0x94, 0x14, 0x0D, 0x60, 0x20, 0x0C, 0x40, 0x09,
        0xAF, 0x14, 0x1A, 0x30, 0x40, 0xC0, 0x51, 0xA4, 0x94, 0xC0, 0xBF, 0x14, 0xCA, 0x8D, 0xC8, 0x05,
        0xC2, 0x96, 0x0C, 0xA4, 0xD2, 0x14, 0x01, 0x00, 0x04, 0x34, 0xC8, 0x00, 0x10, 0x01, 0xEB, 0x14,
        0x0D, 0x55, 0xC9, 0xA9, 0x28, 0x24, 0x5A, 0x1C, 0xF5, 0x14, 0x42, 0x01, 0x37, 0x48, 0x4D, 0x7A,
        0x0F, 0x10, 0x0F, 0x15, 0xB4, 0x32, 0x2A, 0x45, 0x7B, 0x31, 0x05, 0x92, 0x27, 0x15, 0x94, 0xB8,
        0x44, 0x5C, 0xD7, 0x68, 0x8A, 0x45, 0x42, 0x15, 0x97, 0x50, 0xD1, 0x2E, 0x43, 0x19, 0x08, 0x42,
        0x5E, 0x15, 0x02, 0xD2, 0x40, 0x9D, 0x40, 0x98, 0x97, 0x20, 0x76, 0x15, 0x09, 0x54, 0x4D, 0x06,
        0x00, 0x00, 0x00, 0x00, 0x8B, 0x15, 0x00, 0x00, 0x00, 0x00, 0x00, 0x00, 0x00, 0x00, 0x96, 0x15,
        0x00, 0x00, 0x00, 0x00, 0x00, 0x00, 0x80, 0x84, 0x96, 0x15, 0x42, 0x55, 0x21, 0x04, 0x06, 0x1C,
        0x00, 0x17, 0x99, 0x15, 0x24, 0x76, 0x10, 0x61, 0x87, 0xFF, 0xDD, 0xB9, 0xAB, 0x15, 0x9F, 0x65,
        0x0A, 0x5C, 0x5D, 0x24, 0x00, 0x3C, 0xCD, 0x15, 0xB0, 0xAD, 0x59, 0x00, 0x00, 0x00, 0x00, 0x00,
        0xE8, 0x15, 0x00, 0x00, 0x00, 0x00, 0xD0, 0x28, 0x9B, 0x00, 0xF4, 0x15, 0x22, 0x04, 0x00, 0x02,
        0x08, 0x01, 0x08, 0x44, 0xFE, 0x15, 0x04, 0x98, 0x40, 0xAC, 0x0A, 0x8D, 0x28, 0x90, 0x07, 0x16,
        0x00, 0x87, 0x01, 0xE0, 0x00, 0x04, 0x31, 0x00, 0x1A, 0x16, 0x94, 0x17, 0x21, 0x82, 0x19, 0x00,
        0x54, 0x10, 0x26, 0x16, 0xB2, 0x2C, 0x1A, 0x02, 0x02, 0x9C, 0x03, 0x40, 0x38, 0x16, 0x60, 0x3D,
        0x04, 0x88, 0x0C, 0x08, 0x00, 0x79, 0x4B, 0x16, 0x28, 0x16, 0x3C, 0xBA, 0x40, 0x86, 0x08, 0xCB,
        0x5D, 0x16, 0x74, 0x72, 0x80, 0x90, 0x1E, 0x00, 0x00, 0x00, 0x75, 0x16, 0x00, 0x00, 0x00, 0xD8,
        0x88, 0xE1, 0x87, 0x9C, 0x84, 0x16, 0x34, 0x40, 0x12, 0x04, 0x64, 0xAE, 0x91, 0x27, 0x96, 0x16,
        0x6B, 0xE8, 0xFB, 0xE6, 0x8F, 0x40, 0x66, 0x53, 0xAC, 0x16, 0xA6, 0xEE, 0x7F, 0x53, 0x2B, 0xE3,
        0xE4, 0xB5, 0xCF, 0x16, 0x9F, 0x86, 0x02, 0x00, 0x48, 0x85, 0x22, 0x01, 0xF6, 0x16, 0x02, 0x44,
        0x00, 0x08, 0x16, 0x21, 0xA0, 0x20, 0x08, 0x17, 0x04, 0x00, 0x04, 0x02, 0x00, 0x20, 0x05, 0x00,
        0x14, 0x17, 0x00, 0x7E, 0x54, 0x01, 0x2C, 0x16, 0xAC, 0x01, 0x1A, 0x17, 0x84, 0x2A, 0x85, 0x10,
        0x14, 0x8C, 0x30, 0x05, 0x2F, 0x17, 0xC3, 0xFB, 0x43, 0xB9, 0xCA, 0x00, 0x60, 0x90, 0x41, 0x17,
        0x00, 0x60, 0x32, 0x40, 0x00, 0x12, 0x90, 0x80, 0x5C, 0x17, 0x30, 0x0B, 0x81, 0x4C, 0x54, 0x00,
        0x02, 0x40, 0x67, 0x17, 0x29, 0x00, 0x6A, 0x1D, 0x00, 0x20, 0x80, 0x02, 0x76, 0x17, 0x00, 0x80,
        0x04, 0x00, 0x10, 0x26, 0x0C, 0x15, 0x84, 0x17, 0x40, 0x80, 0x01, 0x07, 0x4D, 0xD9, 0x24, 0x0C,
        0x8F, 0x17, 0x10, 0x28, 0x50, 0x18, 0x01, 0x50, 0x20, 0x50, 0xA2, 0x17, 0x00, 0x10, 0xD0, 0x04,
        0x80, 0x70, 0x01, 0x02, 0xAF, 0x17, 0x08, 0x01, 0xC3, 0x21, 0x32, 0x01, 0x00, 0x00, 0xBA, 0x17,
        0x88, 0x00, 0x19, 0x07, 0x02, 0x08, 0x60, 0x05, 0xC6, 0x17, 0x12, 0x00, 0x0E, 0x4C, 0x05, 0x04,
        0xA1, 0xF0, 0xD4, 0x17, 0x02, 0x00, 0x00, 0x00, 0x00, 0x00, 0x00, 0x00, 0xE6, 0x17, 0x00, 0x00,
        0x00, 0x00, 0x00, 0x00, 0x00, 0x00, 0xE7, 0x17, 0x00, 0x00, 0x00, 0x00, 0x00, 0x00, 0x00, 0x00,
        0xE7, 0x17, 0x00, 0x00, 0x00, 0x00, 0x00, 0x00, 0x80, 0x00, 0xE7, 0x17, 0x8D, 0x8E, 0x5A, 0x03,
        0xBD, 0x21, 0x04, 0x5A, 0xE8, 0x17, 0x88, 0x34, 0x70, 0x11, 0x26, 0x00, 0x00, 0x00, 0x03, 0x18,
        0x00, 0x00, 0x00, 0x10, 0x02, 0xC5, 0x04, 0x88, 0x10, 0x18, 0x15, 0xB8, 0x01, 0xF8, 0x7C, 0x14,
        0xED, 0x25, 0x19, 0x18, 0x60, 0xED, 0xB0, 0x1B, 0x89, 0x05, 0xD7, 0x1B, 0x36, 0x18, 0xF3, 0x7A,
        0x62, 0x1A, 0x0C, 0x0D, 0xC5, 0x0A, 0x54, 0x18, 0xD1, 0xE5, 0x4A, 0x52, 0x90, 0x04, 0x05, 0x63,
        0x70, 0x18, 0x54, 0x03, 0x44, 0x52, 0x57, 0x2B, 0x12, 0x16, 0x88, 0x18, 0x72, 0xA8, 0x01, 0x11,
        0x49, 0x29, 0x18, 0x00, 0xA0, 0x18, 0x48, 0x09, 0x08, 0x10, 0x00, 0x60, 0x6C, 0x88, 0xB2, 0x18,
        0x6E, 0x91, 0x8F, 0x05, 0x12, 0x30, 0x90, 0x39, 0xC0, 0x18, 0x40, 0xF8, 0x30, 0x49, 0x80, 0x88,
        0x1B, 0x00, 0xD9, 0x18, 0x00, 0x00, 0x00, 0x00, 0x00, 0x85, 0x42, 0x00, 0xEB, 0x18, 0x58, 0x00,
        0x00, 0x98, 0x04, 0xEA, 0x14, 0x70, 0xF0, 0x18, 0x28, 0x16, 0x1D, 0x61, 0x13, 0x51, 0x00, 0x60,
        0x01, 0x19, 0x24, 0x1A, 0xA7, 0x00, 0x00, 0x00, 0x00, 0x00, 0x15, 0x19, 0x00, 0x00, 0xC0, 0x03,
        0x20, 0x71, 0x18, 0x10, 0x1F, 0x19, 0x72, 0x01, 0x27, 0xA9, 0x04, 0x60, 0x06, 0x89, 0x2B, 0x19,
        0x22, 0xC0, 0x0C, 0x02, 0x00, 0x09, 0x81, 0x40, 0x40, 0x19, 0x2D, 0x20, 0xA0, 0x8C, 0x34, 0x0E,
        0x00, 0x00, 0x4C, 0x19, 0x00, 0x00, 0x00, 0x00, 0x00, 0x21, 0x01, 0x11, 0x5C, 0x19, 0x11, 0x80,
        0x1A, 0xC1, 0x4C, 0xEC, 0x92, 0x08, 0x61, 0x19, 0x40, 0x00, 0x00, 0x85, 0xAC, 0xC7, 0x06, 0x18,
        0x76, 0x19, 0x3E, 0xE0, 0x12, 0x05, 0x00, 0x80, 0x10, 0x00, 0x87, 0x19, 0x08, 0x40, 0xCE, 0x80,
        0x01, 0x6D, 0x10, 0x02, 0x95, 0x19, 0x41, 0x86, 0x56, 0x08, 0x1E, 0x01, 0x27, 0x00, 0xA5, 0x19,
        0x50, 0x37, 0x3D, 0x08, 0x32, 0xE0, 0x05, 0x4E, 0xB8, 0x19, 0xC0, 0x01, 0x84, 0x04, 0x81, 0x00,
        0x40, 0x01, 0xD1, 0x19, 0x00, 0x00, 0x00, 0x00, 0x00, 0x00, 0x00, 0x00, 0xDB, 0x19, 0x00, 0x00,
        0x00, 0x00, 0xA0, 0x1A, 0x59, 0x00, 0xDB, 0x19, 0xC8, 0x43, 0x24, 0x88, 0x48, 0x1D, 0x00, 0xC8,
        0xE4, 0x19, 0x52, 0x01, 0x03, 0x72, 0x13, 0x90, 0x04, 0x04, 0xF7, 0x19, 0x80, 0x82, 0x00, 0x04,
        0x10, 0x8A, 0x14, 0x0D, 0x08, 0x1A, 0x56, 0x80, 0x08, 0x02, 0x40, 0xA0, 0x04, 0x27, 0x15, 0x1A,
        0x00, 0x00, 0x00, 0x4C, 0x00, 0x00, 0x00, 0x00, 0x24, 0x1A, 0x00, 0x00, 0x00, 0x00, 0x00, 0x00,
        0x20, 0xA3, 0x27, 0x1A, 0x02, 0x19, 0xAE, 0xA0, 0x60, 0x26, 0x00, 0xDF, 0x2C, 0x1A, 0x10, 0xF0,
        0x15, 0x7B, 0x21, 0x81, 0xD0, 0x3A, 0x43, 0x1A, 0x80, 0x41, 0x28, 0x00, 0x03, 0x10, 0x00, 0x48,
        0x5C, 0x1A, 0x00, 0xCC, 0x14, 0x80, 0xCF, 0x14, 0xC4, 0x00, 0x66, 0x1A, 0x00, 0x20, 0x20, 0x30,
        0x01, 0x00, 0x00, 0x00, 0x78, 0x1A, 0x00, 0x00, 0x00, 0x00, 0x00, 0x00, 0x00, 0x00, 0x7D, 0x1A,
        0x7A, 0xDF, 0xFF, 0xFF, 0xFF, 0xFF, 0xFF, 0xEF, 0x7D, 0x1A, 0xFF, 0xFF, 0xFF, 0x3F, 0x00, 0x00,
        0x00, 0x00, 0xB8, 0x1A, 0x00, 0x00, 0x00, 0x00, 0x00, 0x00, 0x00, 0x00, 0xD6, 0x1A, 0x00, 0x00,
        0x00, 0x00, 0x28, 0x00, 0x00, 0x00, 0xD6, 0x1A,
    ];

    // 13-bit values in code-unit order, least significant bit first, 3 bytes of padding. 11,170 bytes.
    private static ReadOnlySpan<byte> Values =>
    [
        0x58, 0xC0, 0x01, 0x2C, 0x81, 0x1E, 0xC0, 0x00, 0x6E, 0x81, 0x0F, 0x00, 0x02, 0xDF, 0x01, 0x3C,
        0x84, 0x07, 0xF1, 0x30, 0x1E, 0xC8, 0x43, 0x79, 0x30, 0x0F, 0xE7, 0x01, 0x3D, 0xA4, 0x07, 0xF5,
        0xB0, 0x1E, 0xD8, 0x43, 0x7B, 0x70, 0x0F, 0xEF, 0x01, 0x3E, 0xC4, 0x07, 0xF9, 0x30, 0x1F, 0xE8,
        0x43, 0x7D, 0xB0, 0x0F, 0xFF, 0x01, 0x40, 0x04, 0x08, 0x01, 0x31, 0x20, 0x08, 0x44, 0x81, 0x30,
        0x10, 0x07, 0x02, 0x41, 0x24, 0x08, 0x05, 0xB1, 0x20, 0x18, 0x44, 0x83, 0x70, 0x10, 0x0F, 0x02,
        0x42, 0x44, 0x08, 0x09, 0x31, 0x21, 0x28, 0x44, 0x85, 0xB0, 0x10, 0x46, 0x02, 0x48, 0x04, 0x09,
        0x21, 0x31, 0x24, 0x88, 0x44, 0x91, 0x38, 0x12, 0x48, 0x22, 0x49, 0x28, 0x89, 0x25, 0xC1, 0x24,
        0x9A, 0x84, 0x93, 0x78, 0x12, 0x50, 0x22, 0x4A, 0x48, 0x89, 0x29, 0x41, 0x25, 0xAA, 0x84, 0x95,
        0xB8, 0x12, 0x58, 0x22, 0x4B, 0x68, 0x89, 0x2D, 0xC1, 0x25, 0xBA, 0x84, 0x97, 0xF8, 0x12, 0x60,
        0x02, 0x4E, 0xC4, 0x09, 0x39, 0x31, 0x27, 0xE8, 0x44, 0x9D, 0xB8, 0x13, 0x78, 0x22, 0x4F, 0xE8,
        0x89, 0x3D, 0xC1, 0x27, 0xFA, 0x84, 0x9F, 0x00, 0x14, 0x81, 0x42, 0x50, 0x0C, 0x0A, 0x42, 0x51,
        0x28, 0x0C, 0xC5, 0xA1, 0x40, 0x14, 0x89, 0x42, 0x51, 0x2C, 0x0A, 0x46, 0xD1, 0x28, 0x1C, 0xC5,
        0xA3, 0x80, 0x14, 0x91, 0xC2, 0x4E, 0x74, 0x00, 0x0E, 0x50, 0x02, 0x4C, 0xC0, 0x09, 0x40, 0x01,
        0xB5, 0xC0, 0x16, 0x90, 0x80, 0x11, 0x10, 0x0B, 0x98, 0x40, 0x13, 0x30, 0x03, 0x4E, 0x00, 0x16,
        0xA4, 0x01, 0x35, 0x80, 0x06, 0xD6, 0xC0, 0x22, 0x60, 0x04, 0x8D, 0xA0, 0x13, 0x38, 0x02, 0x4F,
        0x80, 0x07, 0xF2, 0xC0, 0x28, 0x28, 0x05, 0x47, 0x40, 0x13, 0x20, 0x82, 0x44, 0xF0, 0x07, 0xFC,
        0xC0, 0x29, 0x40, 0x05, 0x48, 0xC0, 0x14, 0x90, 0x02, 0x50, 0x20, 0x04, 0x3E, 0x41, 0x11, 0x30,
        0x02, 0xA1, 0x40, 0x14, 0xF0, 0x81, 0x3E, 0xA0, 0x07, 0xF6, 0xC0, 0x26, 0xE0, 0x04, 0x9F, 0x42,
        0x55, 0x80, 0x8A, 0x55, 0x11, 0x2A, 0x58, 0x85, 0xA8, 0x68, 0x15, 0xA4, 0xE2, 0x55, 0x8C, 0x0A,
        0x57, 0x51, 0x2A, 0x74, 0x45, 0xAD, 0x80, 0x15, 0xA7, 0x82, 0x57, 0xDC, 0x0A, 0x59, 0x61, 0x2A,
        0x6C, 0xC5, 0xAE, 0x88, 0x15, 0xA8, 0x02, 0x57, 0xF4, 0x8A, 0x59, 0x91, 0x2A, 0x72, 0x85, 0xAF,
        0xA0, 0x15, 0x61, 0x00, 0x0C, 0x8C, 0x01, 0x31, 0x50, 0x06, 0xC8, 0xC0, 0x17, 0xF0, 0x02, 0x5B,
        0xA0, 0x0B, 0x70, 0x01, 0x5E, 0xA0, 0x05, 0xB2, 0x80, 0x12, 0x48, 0x02, 0xB4, 0x60, 0x16, 0xC8,
        0x02, 0x00, 0x10, 0x00, 0x04, 0x80, 0x05, 0xC0, 0x00, 0x19, 0x40, 0x03, 0xC4, 0x00, 0x19, 0x30,
        0x03, 0x68, 0x40, 0x0D, 0xB0, 0x01, 0x37, 0x00, 0x07, 0xE4, 0x00, 0x1D, 0x70, 0x06, 0xD8, 0xC0,
        0x0A, 0x60, 0x01, 0x1F, 0x01, 0x24, 0x84, 0x04, 0x91, 0x30, 0x12, 0x48, 0x42, 0x49, 0x30, 0x09,
        0x27, 0x01, 0x25, 0xA4, 0x04, 0x95, 0xB0, 0x12, 0x58, 0x42, 0x4B, 0x70, 0x09, 0x2F, 0x01, 0x26,
        0xC4, 0x04, 0x99, 0x30, 0x13, 0x68, 0x42, 0x4D, 0xB0, 0x09, 0x37, 0x01, 0x27, 0xE4, 0x04, 0x9D,
        0xB0, 0x13, 0x78, 0x42, 0x4F, 0xF0, 0x09, 0x3F, 0x01, 0x28, 0x04, 0x05, 0xA1, 0x30, 0x14, 0x88,
        0x42, 0x51, 0x30, 0x0A, 0x47, 0x01, 0x29, 0x24, 0x05, 0xA5, 0xB0, 0x14, 0x98, 0x42, 0x53, 0x70,
        0x0A, 0x4F, 0x01, 0x2A, 0x44, 0x05, 0xA9, 0x30, 0x15, 0xA8, 0x42, 0x55, 0xB0, 0x0A, 0x57, 0x01,
        0x2B, 0x64, 0x05, 0xAD, 0xB0, 0x15, 0xB8, 0x42, 0x57, 0xF0, 0x0A, 0x5F, 0x01, 0x2C, 0x84, 0x05,
        0xB1, 0x30, 0x16, 0xC8, 0x42, 0x59, 0x30, 0x0B, 0x67, 0x01, 0x2D, 0xA4, 0x05, 0xB5, 0xB0, 0x16,
        0xD8, 0x42, 0x5B, 0x70, 0x0B, 0x6F, 0x01, 0x2E, 0xC4, 0x05, 0x05, 0xB0, 0x00, 0x28, 0x40, 0x05,
        0x00, 0x0C, 0x81, 0x41, 0x30, 0x0C, 0x06, 0xC2, 0x50, 0x18, 0x0C, 0xC3, 0x61, 0x40, 0x0C, 0x89,
        0x41, 0x31, 0x2C, 0x06, 0xC6, 0xD0, 0x18, 0x1C, 0xC3, 0x63, 0x80, 0x0C, 0x91, 0x41, 0x32, 0x4C,
        0x06, 0xCA, 0x50, 0x19, 0x2C, 0xC3, 0x65, 0xC0, 0x0C, 0x99, 0x41, 0x33, 0x6C, 0x06, 0xCE, 0xD0,
        0x19, 0x3C, 0xC3, 0x67, 0x00, 0x0D, 0xA1, 0x41, 0x34, 0x8C, 0x06, 0xD2, 0x50, 0x1A, 0x4C, 0xC3,
        0x69, 0x40, 0x0D, 0xA9, 0x41, 0x35, 0xAC, 0x06, 0xD6, 0xD0, 0x1A, 0x5C, 0xC3, 0x6B, 0x80, 0x0D,
        0xB1, 0x41, 0x36, 0xCC, 0x06, 0xDA, 0x50, 0x1B, 0x6C, 0xC3, 0x6D, 0xC0, 0x0D, 0xB9, 0x41, 0x37,
        0xEC, 0x06, 0xDE, 0xD0, 0x1B, 0x7C, 0x03, 0x70, 0x08, 0x0E, 0xC2, 0x61, 0x38, 0x10, 0x87, 0xE2,
        0x60, 0x1C, 0x8E, 0x03, 0x72, 0x48, 0x0E, 0xCA, 0x61, 0x39, 0x30, 0x87, 0xE6, 0xE0, 0x1C, 0x9E,
        0x03, 0x74, 0x88, 0x0E, 0xD2, 0x61, 0x3A, 0x50, 0x87, 0xEA, 0x60, 0x1D, 0x0A, 0xC0, 0x06, 0x90,
        0x00, 0x13, 0x40, 0xBD, 0x68, 0xB4, 0x1A, 0xC5, 0x01, 0x49, 0xD6, 0x73, 0x1A, 0x59, 0x7A, 0x66,
        0xE6, 0x79, 0x42, 0xD0, 0xE8, 0x60, 0x1C, 0x4E, 0x68, 0x14, 0x5D, 0x80, 0xB2, 0xF6, 0xE0, 0xBD,
        0x92, 0xC5, 0x0F, 0x01, 0x9F, 0x68, 0x34, 0x68, 0xA3, 0x11, 0x07, 0x91, 0xC6, 0xAD, 0xF3, 0xCC,
        0xCA, 0x54, 0x69, 0x34, 0x8D, 0xA7, 0x91, 0xCA, 0xD9, 0x1E, 0x2B, 0x17, 0xE2, 0x82, 0x91, 0xF4,
        0x43, 0xD9, 0xA8, 0xD1, 0x64, 0xA5, 0xC6, 0x39, 0x33, 0x82, 0xDC, 0xD1, 0x19, 0x24, 0x9F, 0xD0,
        0x70, 0xC7, 0x8D, 0x1C, 0xCA, 0xA3, 0x1A, 0x57, 0x63, 0x3E, 0xE4, 0x84, 0x48, 0xAC, 0x35, 0x5A,
        0xA8, 0x18, 0x07, 0x1B, 0x3B, 0x4C, 0x37, 0xE2, 0x46, 0xE4, 0x45, 0x2D, 0xA6, 0xC5, 0xB8, 0xF4,
        0x59, 0x62, 0xA3, 0x6C, 0x9C, 0x8D, 0xD3, 0x8F, 0x36, 0xC2, 0xA3, 0xF2, 0x22, 0x01, 0xB9, 0x4F,
        0xF7, 0xF1, 0x3E, 0x60, 0x4D, 0x1F, 0xD6, 0x46, 0xDB, 0x78, 0x1B, 0xD9, 0x56, 0xA6, 0x6A, 0x5B,
        0xBC, 0x51, 0x37, 0xEE, 0xC6, 0xDB, 0x13, 0x96, 0x5C, 0x4D, 0x6E, 0xC4, 0x8D, 0x67, 0xAF, 0x3C,
        0x91, 0x27, 0x3E, 0xD6, 0x1B, 0x69, 0x5E, 0xF9, 0xBA, 0x00, 0xBE, 0x11, 0x38, 0x8E, 0xB2, 0x8F,
        0x88, 0x5C, 0x7E, 0x23, 0x9F, 0x11, 0x40, 0x07, 0xED, 0x11, 0x05, 0xC7, 0x21, 0x97, 0x76, 0x84,
        0x63, 0x72, 0xF1, 0x46, 0x6A, 0x47, 0xEB, 0xC1, 0x3A, 0xDC, 0xF3, 0x6A, 0xCA, 0x23, 0x68, 0x63,
        0x74, 0xC4, 0x51, 0xD7, 0x81, 0x44, 0xA6, 0x65, 0x9E, 0x2E, 0x94, 0x9F, 0x79, 0x6A, 0xC1, 0x0C,
        0x39, 0x2A, 0x97, 0xB0, 0xA6, 0xA9, 0xE4, 0xD2, 0x20, 0x64, 0x64, 0x7D, 0xE6, 0x38, 0x76, 0xC2,
        0xE1, 0x58, 0x1C, 0x59, 0x93, 0x71, 0x1C, 0x9C, 0xCE, 0x31, 0x3A, 0x3E, 0x47, 0x40, 0x93, 0xF7,
        0x92, 0x63, 0x73, 0x8C, 0x47, 0xE7, 0x89, 0xE4, 0x48, 0x47, 0xE5, 0x18, 0x12, 0x31, 0xD4, 0x72,
        0x84, 0x8E, 0xD3, 0x91, 0x39, 0x7E, 0x9F, 0xE5, 0x02, 0x7E, 0xFE, 0x0C, 0xE1, 0xCC, 0x80, 0x4E,
        0x4F, 0x1E, 0x39, 0xAD, 0x7A, 0x68, 0xF9, 0xAE, 0xD0, 0x18, 0x13, 0x35, 0xB2, 0xEA, 0x3A, 0x72,
        0x47, 0xED, 0x58, 0x1D, 0xDB, 0x18, 0x76, 0xDC, 0x8E, 0xD9, 0x71, 0xF3, 0x59, 0xC7, 0xA6, 0x35,
        0x01, 0xBB, 0xA3, 0x77, 0x1C, 0x54, 0xEB, 0xF1, 0xCD, 0x55, 0x3C, 0xF3, 0xE8, 0xFA, 0xE8, 0x8C,
        0x7A, 0x24, 0x8F, 0xED, 0x31, 0x86, 0x09, 0xA3, 0x3D, 0x57, 0x7C, 0xD9, 0x23, 0x6F, 0x0B, 0x8F,
        0xF4, 0x68, 0x1E, 0x7D, 0x47, 0x2C, 0x75, 0x1E, 0x5B, 0x1F, 0x3B, 0x1B, 0x8F, 0x91, 0x08, 0x3C,
        0xA2, 0x47, 0xF1, 0xF8, 0x10, 0xD3, 0x23, 0x58, 0x24, 0x41, 0x90, 0xC8, 0x3D, 0xBE, 0xC7, 0xF9,
        0xC8, 0x5C, 0x1C, 0x9F, 0x7C, 0x8C, 0x8F, 0xF5, 0x91, 0x3E, 0x8A, 0x35, 0x49, 0x64, 0x1F, 0x87,
        0x14, 0x19, 0x1B, 0x6B, 0x34, 0xE8, 0x3E, 0x56, 0x1E, 0xFC, 0xA8, 0x1F, 0xA9, 0x9F, 0x21, 0x82,
        0x4E, 0xF5, 0x2E, 0x3F, 0x0E, 0x26, 0x51, 0xC8, 0x1F, 0x05, 0xE4, 0x7E, 0x14, 0x4C, 0xDD, 0x0A,
        0x0B, 0x0D, 0xC8, 0x06, 0x04, 0x20, 0x03, 0x64, 0x7B, 0xE3, 0x62, 0xE1, 0x87, 0xFD, 0x11, 0xC8,
        0x7D, 0x58, 0x20, 0x11, 0xA4, 0x81, 0x6C, 0x61, 0x07, 0x32, 0x41, 0x2E, 0x48, 0x05, 0x69, 0xF8,
        0x2C, 0x4F, 0x83, 0x74, 0x90, 0x6D, 0x86, 0x41, 0xCA, 0xA9, 0x08, 0x09, 0x21, 0x1F, 0x24, 0x75,
        0x94, 0x90, 0xDE, 0x6A, 0x42, 0x12, 0xC2, 0x2B, 0x58, 0x21, 0x29, 0xE4, 0x85, 0xB4, 0x90, 0x18,
        0x32, 0x43, 0xCA, 0x97, 0x59, 0xA4, 0x85, 0x36, 0xD5, 0x46, 0x13, 0x3F, 0xE6, 0xAB, 0x1E, 0x39,
        0xA5, 0x0D, 0x69, 0x04, 0x4B, 0x5B, 0x86, 0xD2, 0x90, 0x1C, 0xB2, 0xB7, 0x55, 0x9C, 0x0E, 0xC9,
        0xE3, 0x26, 0xD8, 0x87, 0x04, 0x91, 0xAA, 0xCE, 0x1E, 0x69, 0xC5, 0x10, 0x49, 0x7E, 0xF4, 0x1E,
        0x1D, 0x7B, 0x41, 0x94, 0x6D, 0x12, 0x89, 0xC8, 0x11, 0x09, 0xE2, 0x7C, 0x8C, 0x89, 0xDC, 0x4D,
        0x25, 0x92, 0x30, 0x9D, 0x48, 0x16, 0x8D, 0x22, 0xC1, 0x5F, 0x8A, 0x54, 0x91, 0x2B, 0xF2, 0x64,
        0x29, 0xA9, 0x92, 0xE3, 0x22, 0x59, 0xE4, 0x0E, 0x6C, 0x91, 0x39, 0xEF, 0x45, 0xC2, 0xC8, 0x18,
        0xE9, 0xDB, 0x6A, 0xE4, 0x8C, 0xA4, 0x91, 0x32, 0x32, 0x34, 0xD9, 0x48, 0x34, 0x28, 0x12, 0x6F,
        0xA4, 0xE9, 0xC2, 0x91, 0xB9, 0x2A, 0x47, 0x72, 0xB4, 0x7E, 0x08, 0xDC, 0x06, 0xA5, 0x8E, 0x1C,
        0xF9, 0x03, 0x68, 0x47, 0xF6, 0x3F, 0x64, 0xA5, 0xCB, 0x7A, 0xA4, 0x88, 0xF3, 0x91, 0x40, 0xB2,
        0xD9, 0x04, 0xC9, 0xF2, 0xA3, 0xE0, 0xB4, 0xCC, 0xAB, 0xFA, 0x74, 0x42, 0x32, 0xB8, 0xB9, 0xAD,
        0x21, 0xA9, 0xF6, 0xB0, 0x17, 0xC8, 0x39, 0x39, 0x44, 0xD2, 0x48, 0x66, 0xA1, 0x22, 0x19, 0x13,
        0x93, 0xD5, 0xAE, 0x53, 0x7C, 0x47, 0x12, 0x1B, 0x22, 0xC9, 0x24, 0xE9, 0xDD, 0x94, 0xE4, 0xE9,
        0xE2, 0x4D, 0x94, 0x68, 0x49, 0xA2, 0xA7, 0xA7, 0x44, 0xD6, 0x9A, 0x64, 0x19, 0x6B, 0x4D, 0x4E,
        0xF2, 0x49, 0x3E, 0x30, 0x26, 0x19, 0x25, 0xAB, 0x1F, 0x51, 0x82, 0x92, 0x95, 0x88, 0x33, 0x35,
        0x3A, 0x2A, 0x29, 0x25, 0xB7, 0x1E, 0xCA, 0xDA, 0x92, 0x04, 0xA7, 0x4A, 0x4E, 0x49, 0x17, 0x76,
        0x25, 0xAD, 0xE4, 0xB8, 0x01, 0x44, 0x5C, 0x72, 0x1D, 0x62, 0xC9, 0x2E, 0xA9, 0x25, 0xB3, 0x64,
        0x43, 0xBC, 0x47, 0x81, 0x46, 0x26, 0x56, 0xAB, 0xDB, 0x56, 0x94, 0xC0, 0x64, 0x98, 0x1C, 0x89,
        0x4A, 0x71, 0x4C, 0xE2, 0x23, 0x31, 0xE9, 0x6C, 0xC8, 0x64, 0xFD, 0xD3, 0x69, 0x85, 0xF0, 0xF2,
        0x95, 0xC9, 0xE9, 0xEE, 0xDE, 0xCC, 0x24, 0xCA, 0x89, 0x81, 0xDF, 0xEA, 0x4C, 0x96, 0xBE, 0x35,
        0x89, 0xBA, 0xD0, 0xA4, 0x03, 0x4A, 0x93, 0x29, 0xA7, 0x09, 0xB1, 0xC9, 0x36, 0xE9, 0x26, 0xDF,
        0x64, 0x96, 0xCA, 0x47, 0x5C, 0xD0, 0x0C, 0xD6, 0xB8, 0xD7, 0x07, 0x27, 0xE3, 0xE4, 0x9C, 0xAC,
        0x93, 0x74, 0xD2, 0x4E, 0xEE, 0x99, 0xF5, 0xA7, 0x9B, 0xEE, 0x24, 0x0E, 0x03, 0x57, 0xE7, 0x07,
        0x4F, 0x66, 0xBB, 0x3C, 0xA9, 0x27, 0xF7, 0x24, 0x9F, 0x1C, 0x78, 0x26, 0x68, 0xBC, 0xF4, 0xB7,
        0x3E, 0xC9, 0xA9, 0xCE, 0xD7, 0x9F, 0xF4, 0x93, 0xE1, 0xEA, 0x1B, 0x05, 0x4A, 0x5E, 0x27, 0x28,
        0xB5, 0x9D, 0x1C, 0x63, 0x65, 0xE6, 0x87, 0xC5, 0x41, 0x33, 0x47, 0xD7, 0xFE, 0x08, 0x25, 0xFA,
        0xA2, 0x42, 0x85, 0xD2, 0x50, 0x2E, 0x98, 0xF9, 0xB2, 0x76, 0xCC, 0x18, 0xEC, 0x89, 0x86, 0x89,
        0xB2, 0xCE, 0x20, 0x4A, 0xF4, 0xA3, 0x28, 0xDF, 0xE0, 0xA2, 0x84, 0x88, 0xFA, 0x88, 0x16, 0x31,
        0x4A, 0x47, 0xD9, 0x28, 0xFD, 0x16, 0x86, 0xE9, 0x31, 0x8F, 0x12, 0x52, 0xD6, 0xA2, 0x48, 0xE9,
        0x7C, 0xA2, 0x93, 0xA4, 0xA4, 0x80, 0x73, 0x29, 0xF7, 0x18, 0xC2, 0x17, 0xD6, 0xEB, 0xF6, 0x94,
        0xA9, 0x32, 0x53, 0x73, 0xCA, 0x5A, 0xF9, 0xBA, 0x4A, 0x29, 0x62, 0x60, 0xD8, 0x3E, 0x1A, 0x46,
        0x25, 0x28, 0x53, 0x02, 0x33, 0x5E, 0x96, 0x7E, 0xC4, 0x95, 0xA6, 0xC4, 0x94, 0x82, 0x86, 0x94,
        0xD9, 0x28, 0xF5, 0x54, 0x60, 0x20, 0x8E, 0x51, 0x4A, 0x4F, 0x9B, 0x92, 0x53, 0xA2, 0x9E, 0x72,
        0x73, 0x94, 0x4E, 0x4F, 0x57, 0x23, 0x30, 0xEF, 0x8D, 0x07, 0x02, 0xA4, 0x6C, 0x68, 0xDA, 0xF8,
        0x91, 0x13, 0x2A, 0x95, 0x21, 0x28, 0xFD, 0x6D, 0x3B, 0x52, 0xC9, 0x75, 0x3E, 0x25, 0xA8, 0x14,
        0x95, 0xA3, 0x52, 0xF7, 0x04, 0xAE, 0xB5, 0x17, 0x2A, 0x3B, 0x65, 0x38, 0xF2, 0x94, 0x43, 0x11,
        0xF6, 0x99, 0x35, 0x70, 0x04, 0x95, 0x4C, 0xE5, 0x86, 0x53, 0x95, 0x7C, 0x8A, 0x4E, 0xB5, 0xCA,
        0x55, 0x19, 0x02, 0x51, 0x65, 0xAC, 0x64, 0x95, 0xAF, 0x92, 0x18, 0xF5, 0x40, 0x58, 0x29, 0x2B,
        0x69, 0xA5, 0x6B, 0x0A, 0x8B, 0xA9, 0xF2, 0x54, 0xCE, 0x4A, 0x57, 0x69, 0x2B, 0x85, 0x25, 0xAE,
        0xE4, 0x95, 0xC0, 0x32, 0x57, 0x76, 0xCB, 0xD3, 0x04, 0x6D, 0x6E, 0x25, 0xB1, 0xA4, 0x2F, 0xC3,
        0x72, 0xB4, 0xA4, 0xBC, 0x60, 0xA9, 0x2B, 0x6B, 0xE5, 0xAE, 0x34, 0x4C, 0xC5, 0xB2, 0xBE, 0x38,
        0x4B, 0x63, 0x79, 0x2C, 0xC7, 0x55, 0x02, 0x64, 0x96, 0xCB, 0xD2, 0xB1, 0x35, 0x4B, 0x65, 0x39,
        0x61, 0xE8, 0xD2, 0xD3, 0x42, 0x96, 0xC2, 0x2D, 0x59, 0x82, 0x96, 0x69, 0x29, 0x08, 0xCB, 0x55,
        0xB6, 0xC4, 0x96, 0xCF, 0x32, 0x90, 0x41, 0xCB, 0x56, 0x56, 0x2D, 0xC9, 0x95, 0xB4, 0x14, 0x83,
        0x5B, 0xC8, 0x5A, 0x5E, 0x4B, 0x6A, 0xA9, 0x2D, 0xA3, 0x25, 0xB8, 0x2C, 0x97, 0xE1, 0x92, 0x5B,
        0x9A, 0x4B, 0x08, 0x86, 0x2E, 0x03, 0x92, 0xB7, 0xEC, 0x68, 0xE2, 0x72, 0x5B, 0xAE, 0x1C, 0xB6,
        0x53, 0x70, 0xC6, 0xE5, 0xB7, 0xB4, 0x44, 0xE9, 0xF2, 0x5C, 0xCA, 0xB0, 0xD4, 0xA3, 0x7E, 0xC8,
        0xA5, 0x0C, 0x1A, 0x31, 0xED, 0x72, 0x5D, 0x96, 0x4C, 0x78, 0xA9, 0x2E, 0xDD, 0x25, 0xBB, 0x5C,
        0x4F, 0xEF, 0x52, 0x5E, 0xDE, 0xCB, 0x7A, 0x49, 0x2F, 0xA3, 0xD9, 0xA0, 0x89, 0x97, 0xF3, 0xD2,
        0x5C, 0x49, 0x18, 0x7B, 0xC9, 0x69, 0x04, 0xA6, 0xCE, 0xEA, 0x97, 0xFB, 0x92, 0x5F, 0xFA, 0x4B,
        0x0E, 0x83, 0xC1, 0xF0, 0x65, 0xBE, 0xD4, 0x38, 0x01, 0xB3, 0xED, 0x10, 0x4C, 0x80, 0x39, 0x30,
        0xD9, 0xDE, 0x84, 0xB3, 0x75, 0x06, 0xB3, 0x60, 0x92, 0x9B, 0x83, 0xA9, 0x30, 0x13, 0x26, 0xC2,
        0xC4, 0x72, 0x0B, 0x93, 0x61, 0x3A, 0xCC, 0x86, 0x09, 0x31, 0x27, 0x66, 0xC4, 0x7C, 0x98, 0x12,
        0x93, 0x62, 0x56, 0x4C, 0x8B, 0x79, 0x31, 0x31, 0x26, 0x89, 0xD4, 0x53, 0xEC, 0x29, 0xD6, 0xD8,
        0x97, 0x71, 0x96, 0x31, 0xC5, 0x52, 0x73, 0xE9, 0x5B, 0x1A, 0xB3, 0x18, 0x45, 0x25, 0x8E, 0xB9,
        0x31, 0x3D, 0x5F, 0xC7, 0xFC, 0x98, 0x1E, 0x13, 0x64, 0x86, 0xCC, 0x4B, 0x04, 0x64, 0x44, 0x26,
        0xC9, 0x1C, 0x99, 0x26, 0x33, 0xB7, 0x9D, 0xCC, 0xD9, 0xD2, 0x99, 0xB8, 0x90, 0x3B, 0x43, 0x99,
        0x29, 0x73, 0x65, 0xB2, 0x4C, 0xD1, 0xF4, 0x80, 0xAC, 0x9F, 0xCA, 0x6C, 0x99, 0x7F, 0x49, 0x20,
        0xC5, 0xCC, 0xB1, 0x24, 0xCD, 0x5C, 0x26, 0x56, 0x93, 0x99, 0x82, 0x0B, 0x66, 0xCE, 0x4C, 0x2F,
        0x44, 0x33, 0x6B, 0xE6, 0x40, 0xFA, 0x36, 0x37, 0x13, 0x67, 0xE6, 0x4C, 0x9B, 0xF9, 0x32, 0x75,
        0xE6, 0xCE, 0x24, 0x80, 0x29, 0xAB, 0x67, 0xFA, 0x4C, 0x9E, 0x09, 0x34, 0xAF, 0x9C, 0x79, 0xA9,
        0x79, 0x41, 0x73, 0x67, 0xDD, 0x28, 0x3E, 0xE7, 0x76, 0x52, 0x13, 0xFE, 0x83, 0x6F, 0x98, 0xA8,
        0x91, 0xFD, 0x4C, 0xA1, 0x29, 0xC8, 0x86, 0x26, 0xD1, 0x34, 0x9A, 0x67, 0x8D, 0xE5, 0x7C, 0xFC,
        0x20, 0x13, 0xFB, 0x54, 0xD6, 0x69, 0x23, 0x4D, 0x4C, 0x73, 0xEF, 0x6D, 0x44, 0x59, 0x83, 0x34,
        0x33, 0xD8, 0xD2, 0x1C, 0x6E, 0xA8, 0x8D, 0xB8, 0xDD, 0xBA, 0xA5, 0x76, 0x98, 0x8E, 0xA6, 0x95,
        0xA9, 0x6C, 0x49, 0xB3, 0x68, 0xBE, 0xAD, 0xA6, 0xD9, 0xAA, 0xD6, 0x8F, 0xD3, 0x34, 0x7D, 0x5D,
        0x8C, 0xA8, 0x41, 0x4D, 0xF7, 0x17, 0x35, 0xAD, 0x66, 0xDB, 0xAB, 0x9A, 0x4F, 0x53, 0x6A, 0x52,
        0x4D, 0xB2, 0x74, 0xF8, 0xAE, 0x26, 0x39, 0x9B, 0x35, 0x2B, 0x2B, 0x6B, 0x62, 0x4D, 0xA4, 0xA4,
        0x35, 0xB9, 0xE6, 0xD6, 0xF4, 0x9A, 0x53, 0x13, 0x6C, 0x7E, 0xCD, 0xAE, 0xD9, 0x9E, 0xE0, 0xD6,
        0x0C, 0x0B, 0x9B, 0xBA, 0x6B, 0xBD, 0x10, 0xBA, 0xAC, 0x36, 0x36, 0xC5, 0x26, 0xD9, 0x2C, 0x9B,
        0x66, 0xF3, 0x6C, 0x3E, 0x3E, 0xB4, 0x49, 0x68, 0xD2, 0xE6, 0x26, 0x7C, 0x36, 0x87, 0xF2, 0x54,
        0xF5, 0x31, 0xB5, 0x99, 0x06, 0x65, 0x20, 0xDB, 0x2C, 0x65, 0x96, 0xCD, 0x8F, 0xD9, 0xBC, 0xB6,
        0xE9, 0x36, 0xB7, 0x0C, 0x8E, 0x7A, 0x9B, 0xCE, 0x05, 0x6E, 0xC6, 0x4D, 0x21, 0xF3, 0x76, 0x3C,
        0x9C, 0xEC, 0xAB, 0x9B, 0x34, 0x8C, 0x6E, 0x7E, 0x21, 0xFD, 0x37, 0x37, 0x8B, 0xDB, 0xDD, 0xB4,
        0x9B, 0x79, 0x13, 0x6F, 0x72, 0x19, 0xBD, 0x79, 0xAE, 0xF8, 0x26, 0x31, 0xDB, 0x9B, 0x71, 0xEF,
        0x5A, 0xE9, 0x36, 0xC0, 0x49, 0x90, 0x02, 0x27, 0x90, 0xE3, 0x76, 0x4F, 0x90, 0xC8, 0x29, 0xCE,
        0xCB, 0x43, 0x0A, 0x5B, 0xA0, 0xFA, 0x14, 0x9C, 0x85, 0x73, 0x90, 0x5D, 0xBF, 0xD4, 0x66, 0x38,
        0x0B, 0x20, 0x62, 0x42, 0x57, 0x87, 0xF3, 0x3D, 0xB9, 0xA7, 0xDB, 0x62, 0x8C, 0x52, 0xD7, 0x73,
        0x59, 0x9C, 0x8C, 0x33, 0x71, 0x5E, 0x98, 0x96, 0x83, 0x38, 0x87, 0x20, 0xC4, 0x33, 0x2D, 0xF7,
        0x05, 0x3E, 0x41, 0x97, 0xD0, 0x12, 0x39, 0x1F, 0xA7, 0x0E, 0x94, 0x9C, 0x90, 0xD3, 0x71, 0x42,
        0xAD, 0xC6, 0x89, 0xF9, 0xC4, 0x91, 0xE5, 0xBC, 0x9C, 0xE9, 0x6A, 0x72, 0x2E, 0xC5, 0x35, 0x57,
        0x39, 0xCB, 0x12, 0xE6, 0xBC, 0x79, 0x99, 0x93, 0x72, 0xE6, 0xC0, 0x3E, 0xA7, 0x39, 0x23, 0xDE,
        0xE6, 0xFC, 0x9C, 0x9C, 0xB3, 0xD0, 0x78, 0xCE, 0x1C, 0xD5, 0x39, 0x33, 0xD1, 0xEA, 0x24, 0x9D,
        0xA1, 0x93, 0xA0, 0x81, 0x4E, 0xD1, 0x39, 0x3A, 0x4B, 0xA7, 0xE9, 0x84, 0x3B, 0xA8, 0xF3, 0x74,
        0xA6, 0x4E, 0x96, 0xC5, 0x3A, 0xB5, 0x1A, 0x89, 0x51, 0x9D, 0xAD, 0xD3, 0x75, 0xC6, 0xCE, 0xD7,
        0x09, 0x3B, 0xE3, 0x93, 0xEC, 0x2C, 0x48, 0xB3, 0x53, 0x43, 0xD9, 0x31, 0xDA, 0x59, 0x3B, 0xF3,
        0x93, 0x41, 0x82, 0x82, 0x87, 0xE7, 0x18, 0xD9, 0xCE, 0x7B, 0x73, 0x3B, 0xEF, 0x18, 0xEE, 0x0C,
        0x9F, 0xB9, 0x53, 0x77, 0xEE, 0xCE, 0xDE, 0xE9, 0x3B, 0x81, 0xA7, 0x2B, 0x33, 0x30, 0x67, 0x0A,
        0xB8, 0xD8, 0x30, 0x97, 0x33, 0xA3, 0x0E, 0x92, 0x71, 0x03, 0x54, 0x2F, 0x07, 0xA1, 0xA1, 0x35,
        0xDB, 0x82, 0x79, 0x66, 0x1F, 0x90, 0x8A, 0x3D, 0xE9, 0x4B, 0x47, 0x1D, 0xC2, 0xE0, 0xB9, 0x7B,
        0x12, 0x53, 0xB4, 0x19, 0x32, 0xEA, 0xCA, 0xD0, 0x08, 0xCF, 0x52, 0x88, 0xAA, 0xC4, 0xD4, 0xF0,
        0x8C, 0x3B, 0x10, 0xEE, 0x04, 0x12, 0xCF, 0xE2, 0x89, 0xF3, 0x8E, 0xA7, 0xC9, 0xA9, 0x41, 0xC6,
        0x13, 0xE6, 0x44, 0xAD, 0xE5, 0x09, 0x9C, 0x0E, 0x8D, 0xF2, 0x44, 0x9E, 0xCC, 0x33, 0x79, 0x2A,
        0xB9, 0x25, 0x2B, 0xB5, 0x9A, 0xA7, 0x3F, 0x74, 0x9E, 0xD0, 0xD3, 0xA3, 0x3D, 0xCF, 0xD0, 0xB5,
        0xA1, 0x1C, 0x59, 0x9D, 0xAA, 0x7A, 0xEA, 0x6B, 0x49, 0x45, 0xCF, 0x75, 0x25, 0x3D, 0xA7, 0x67,
        0x74, 0xC1, 0x63, 0x71, 0x8B, 0x7A, 0xC6, 0x37, 0x76, 0xD5, 0xAE, 0xAA, 0xE7, 0xFA, 0x72, 0x57,
        0xD6, 0xF3, 0x7A, 0x7A, 0x41, 0xEC, 0x49, 0x80, 0x02, 0x55, 0xF6, 0xD4, 0x9E, 0x5A, 0x6A, 0x69,
        0xC9, 0xB8, 0xB9, 0x65, 0xEF, 0x82, 0xDC, 0x01, 0xDA, 0x9E, 0xCF, 0x87, 0x7B, 0xF2, 0xA0, 0x06,
        0xE7, 0x66, 0xE4, 0x53, 0xF7, 0x04, 0x9F, 0xDF, 0x73, 0x07, 0x79, 0xCF, 0xCB, 0xE6, 0xC6, 0x54,
        0x9B, 0x91, 0xBA, 0x61, 0xDA, 0x50, 0x7C, 0x8E, 0x4F, 0x0A, 0x27, 0x9D, 0xCA, 0xA7, 0xF9, 0x3C,
        0x9F, 0x72, 0x07, 0x7D, 0xA6, 0x4F, 0x35, 0xA3, 0xC1, 0xC4, 0xCE, 0xFA, 0x34, 0x81, 0x90, 0x0C,
        0xDF, 0xB4, 0xCF, 0xF7, 0xD9, 0x75, 0xD8, 0xA7, 0xFB, 0x8C, 0x9F, 0xF0, 0x53, 0x7E, 0xCE, 0xCF,
        0xFD, 0xC6, 0x7E, 0x46, 0x0D, 0xFD, 0xCC, 0x9F, 0xF7, 0xB3, 0xF6, 0xD1, 0xBE, 0xE3, 0x66, 0x3F,
        0x67, 0x55, 0xFD, 0x94, 0x5C, 0xFA, 0x13, 0x35, 0x01, 0xD0, 0x00, 0xBA, 0x3F, 0xA5, 0x0D, 0xFF,
        0x2C, 0xA0, 0x04, 0x74, 0x80, 0xFE, 0x4F, 0xFF, 0x29, 0x40, 0x6D, 0x5F, 0x02, 0x35, 0xA0, 0x08,
        0x54, 0x1A, 0x1E, 0xD0, 0xFE, 0x39, 0xB9, 0x14, 0x68, 0x5D, 0x5A, 0xA0, 0x0C, 0xF4, 0x81, 0x3A,
        0xD0, 0x06, 0x8A, 0xDC, 0xF0, 0x67, 0x05, 0x8D, 0xA0, 0x10, 0x54, 0x82, 0x4E, 0x50, 0x0B, 0x4A,
        0x12, 0x2F, 0x28, 0x05, 0xC5, 0xA0, 0x5E, 0x27, 0x83, 0x6E, 0x50, 0x0D, 0xCA, 0x41, 0x3B, 0x28,
        0xFB, 0x12, 0x54, 0xC4, 0x6A, 0x88, 0x21, 0x24, 0xBB, 0x94, 0x90, 0xA0, 0x8F, 0x07, 0xBD, 0x4B,
        0xC8, 0xE8, 0x83, 0x92, 0x40, 0x31, 0x07, 0x42, 0x15, 0x92, 0xCA, 0x31, 0x66, 0x10, 0x68, 0x3E,
        0xE9, 0xBC, 0x5F, 0x17, 0x42, 0xE7, 0x0E, 0x09, 0xFD, 0x68, 0x23, 0x54, 0x84, 0x96, 0xD0, 0xB4,
        0x36, 0xB8, 0xE8, 0x13, 0xF2, 0x8A, 0x64, 0x81, 0x07, 0xA4, 0x99, 0xD0, 0x13, 0xDA, 0xB2, 0xB0,
        0x9F, 0x0A, 0x4D, 0xA1, 0x28, 0xB4, 0xEB, 0xC5, 0xD0, 0xFC, 0xB7, 0x42, 0x5B, 0xE8, 0x02, 0x64,
        0xA1, 0x2E, 0xD4, 0xD4, 0xBD, 0x50, 0xBE, 0x07, 0x43, 0x63, 0x4E, 0xDF, 0x73, 0x72, 0x32, 0x74,
        0x86, 0x2E, 0x24, 0x99, 0x43, 0x43, 0x6D, 0xD1, 0x28, 0x44, 0x84, 0x74, 0xC7, 0x86, 0x86, 0x34,
        0x86, 0xF4, 0xAE, 0xBA, 0x1D, 0xBC, 0xC2, 0x56, 0x6A, 0xED, 0xF6, 0x61, 0xB6, 0x86, 0xB4, 0xF3,
        0x6E, 0x28, 0x6E, 0x03, 0x4C, 0xC9, 0x68, 0xAD, 0x05, 0x17, 0x67, 0xE5, 0x90, 0x4C, 0x21, 0x0E,
        0xCD, 0xA1, 0x70, 0x4E, 0x87, 0xD6, 0x44, 0xA6, 0xC8, 0x43, 0x77, 0xA8, 0xB9, 0x01, 0xA2, 0x43,
        0x94, 0x88, 0x0A, 0xD1, 0x8F, 0x17, 0xAF, 0x8C, 0x68, 0x11, 0x0D, 0xA2, 0x47, 0x14, 0x89, 0x26,
        0x51, 0x26, 0xAA, 0x44, 0x97, 0x68, 0x13, 0x25, 0x32, 0x6C, 0xCD, 0x89, 0x6A, 0x22, 0x5A, 0x53,
        0xE5, 0x9E, 0x68, 0x8E, 0xCB, 0x7C, 0x50, 0xB4, 0x29, 0x46, 0x51, 0xBF, 0x47, 0x45, 0x3F, 0xE3,
        0x6B, 0x74, 0x51, 0x33, 0xAE, 0x8A, 0xF2, 0x1E, 0x91, 0x86, 0x5F, 0xAC, 0x28, 0xD9, 0x7B, 0x48,
        0xEF, 0xAC, 0xAD, 0xB5, 0xC1, 0x5B, 0xA4, 0x8C, 0xAE, 0x28, 0x16, 0xF5, 0xA2, 0x63, 0x6A, 0xA4,
        0xB5, 0x9F, 0x2C, 0xAA, 0xF0, 0xCA, 0x99, 0x16, 0xDD, 0xA2, 0xEE, 0x87, 0x8B, 0x76, 0xD1, 0x2F,
        0x6A, 0xDD, 0xC0, 0x68, 0x18, 0x15, 0xA3, 0x53, 0x54, 0x8A, 0x8E, 0x51, 0x30, 0x64, 0xF0, 0x14,
        0x93, 0xC5, 0x23, 0x69, 0x2A, 0x8F, 0x8C, 0xCA, 0xAB, 0x12, 0x53, 0x46, 0xCD, 0x28, 0x1C, 0xF4,
        0x76, 0x69, 0xB4, 0xCB, 0xA8, 0x2E, 0x34, 0x7A, 0x46, 0xC3, 0x90, 0x24, 0x6B, 0xA3, 0x6B, 0x54,
        0x8D, 0x96, 0xC3, 0x71, 0x94, 0xAD, 0xD8, 0xE8, 0x6A, 0xEB, 0x54, 0xFE, 0x0D, 0x8E, 0xBE, 0x51,
        0x37, 0x1A, 0x47, 0xC9, 0x91, 0x1C, 0xE5, 0x7A, 0xBA, 0x6A, 0x8E, 0xDE, 0xBB, 0xFF, 0x56, 0xD2,
        0x1E, 0x1B, 0x1D, 0x55, 0x3C, 0x53, 0x6B, 0xE1, 0xD5, 0x9D, 0x22, 0x57, 0x47, 0xEB, 0x53, 0xF6,
        0xD3, 0x7E, 0x5E, 0x46, 0x8F, 0x26, 0xB4, 0x3B, 0x5A, 0x6B, 0x56, 0x69, 0x1E, 0x7D, 0x72, 0x78,
        0xD4, 0x8E, 0x6A, 0x25, 0x3E, 0x3A, 0x48, 0x13, 0x69, 0x20, 0xDD, 0x6D, 0x86, 0x94, 0xE7, 0x01,
        0xD2, 0x42, 0x5A, 0x12, 0xED, 0xD3, 0x24, 0xEB, 0xA3, 0xBD, 0x07, 0x91, 0xAE, 0xAE, 0x22, 0x23,
        0x48, 0x6D, 0xCD, 0x21, 0x7D, 0x3F, 0x84, 0x54, 0x91, 0x32, 0x52, 0x4B, 0x4A, 0x49, 0x23, 0x29,
        0x24, 0xB5, 0x89, 0x92, 0x14, 0xFE, 0x40, 0x24, 0x6D, 0x95, 0x49, 0x17, 0xE9, 0x23, 0xF5, 0xA3,
        0xB8, 0x66, 0x92, 0x56, 0x52, 0x78, 0x66, 0x96, 0xEC, 0x4C, 0x23, 0xC5, 0xA4, 0x97, 0x34, 0xFE,
        0x9C, 0x31, 0x83, 0x23, 0x86, 0x1C, 0xA9, 0x26, 0xED, 0xA4, 0x9F, 0x74, 0x47, 0x95, 0x52, 0xB7,
        0xB6, 0x49, 0x47, 0xE9, 0xAD, 0x09, 0xA5, 0xA2, 0xD4, 0x93, 0x82, 0xD2, 0x72, 0x94, 0x08, 0x67,
        0x0E, 0x8E, 0x21, 0xA5, 0x59, 0x6E, 0xB5, 0x7C, 0xBB, 0x3D, 0xAA, 0x4A, 0x5D, 0xE9, 0x18, 0x3C,
        0xA5, 0xC9, 0x8D, 0x95, 0xBA, 0xAC, 0x56, 0x5A, 0xE1, 0xCC, 0x62, 0x2A, 0x7D, 0xA5, 0x5B, 0x29,
        0x79, 0x49, 0x17, 0x54, 0x6A, 0x4A, 0x73, 0x18, 0x27, 0x9D, 0x4E, 0x84, 0x6C, 0x97, 0xEA, 0x30,
        0x5B, 0x3A, 0x4B, 0x69, 0x29, 0x99, 0xBA, 0xA5, 0xBA, 0xB4, 0x96, 0x12, 0x2A, 0x5C, 0x2A, 0x4B,
        0xF5, 0x60, 0x1E, 0xE4, 0xA5, 0xBD, 0x74, 0xBA, 0xC4, 0x52, 0x18, 0x44, 0x5A, 0x68, 0x4E, 0x2E,
        0x0D, 0xA6, 0xC0, 0xB4, 0x98, 0x1A, 0x53, 0x62, 0x7A, 0x4C, 0x7F, 0xE9, 0x30, 0x45, 0xA6, 0xC9,
        0xD4, 0x97, 0x72, 0x28, 0x61, 0x4A, 0xC9, 0x22, 0x12, 0x2C, 0xA5, 0x5A, 0xD6, 0xF4, 0xF4, 0x31,
        0xD3, 0x66, 0xEA, 0x4C, 0xAB, 0x29, 0x35, 0xED, 0x80, 0x35, 0x47, 0x9A, 0x92, 0xA1, 0x69, 0xF3,
        0x4C, 0xED, 0x61, 0x34, 0xA5, 0x2E, 0xD3, 0x54, 0x99, 0x42, 0xD3, 0x6B, 0x3A, 0x86, 0x96, 0x29,
        0x2F, 0x54, 0x84, 0xDA, 0xD4, 0x9B, 0x7A, 0xB1, 0x9B, 0xF8, 0x4D, 0xB9, 0x69, 0x36, 0xC5, 0xA6,
        0xDD, 0xD4, 0xED, 0xC9, 0xB7, 0x32, 0x04, 0x4E, 0xB7, 0x69, 0x38, 0xDD, 0x44, 0x6F, 0x26, 0x9D,
        0xDA, 0x9C, 0x73, 0x8A, 0x4E, 0xCF, 0x92, 0x39, 0x25, 0xA7, 0xE3, 0x54, 0x9D, 0x8A, 0x53, 0x76,
        0x9A, 0x6B, 0xDC, 0x69, 0x3B, 0x35, 0x69, 0xF1, 0xF4, 0x9D, 0x96, 0x53, 0x4E, 0x04, 0x4F, 0xE9,
        0xE9, 0x3C, 0xAD, 0xA7, 0xF2, 0xD4, 0x9E, 0xDE, 0x53, 0x7C, 0x8A, 0xFA, 0xF4, 0x69, 0x3E, 0xF5,
        0x54, 0xAC, 0x8B, 0xD4, 0xE8, 0x9A, 0x7D, 0xDA, 0x5B, 0x94, 0x17, 0x3F, 0x0D, 0xE2, 0x00, 0x35,
        0x10, 0x05, 0xD4, 0xF6, 0x25, 0x50, 0x07, 0x6A, 0xE6, 0x21, 0xA8, 0x05, 0xD5, 0xA0, 0x56, 0xB2,
        0x65, 0xF4, 0x05, 0xB7, 0x9F, 0xB2, 0x3A, 0xA8, 0xEE, 0x6B, 0x9F, 0x83, 0x3B, 0x34, 0xB5, 0x98,
        0x10, 0x6A, 0x21, 0x2B, 0x7B, 0xAF, 0x6C, 0xA1, 0x26, 0x54, 0x86, 0xAA, 0x50, 0x1B, 0xEA, 0xDB,
        0xAB, 0x2D, 0x3D, 0x2F, 0xDC, 0x39, 0xD4, 0x88, 0x3A, 0xAF, 0x34, 0xCF, 0x43, 0xB5, 0xA8, 0xF4,
        0x0A, 0xA2, 0x8E, 0xB9, 0x5E, 0x28, 0x51, 0x27, 0xEA, 0x45, 0x55, 0x6E, 0x14, 0x55, 0x22, 0x71,
        0xAF, 0x92, 0x2A, 0xEB, 0x60, 0x99, 0xB8, 0x5B, 0xAB, 0xB8, 0xEF, 0xAD, 0x55, 0x40, 0x8D, 0xFA,
        0x65, 0x14, 0xDA, 0x48, 0x9D, 0x66, 0x1D, 0x95, 0xA4, 0x7E, 0x54, 0x93, 0x2A, 0x52, 0x43, 0xEA,
        0xA3, 0xDB, 0xA8, 0xBB, 0x26, 0xA3, 0x46, 0x9F, 0x58, 0x56, 0x51, 0x31, 0xEA, 0x44, 0xCA, 0x5E,
        0xF5, 0x0A, 0xA4, 0xC6, 0x39, 0xE9, 0x73, 0x6E, 0x0E, 0x0E, 0xD0, 0x42, 0xA9, 0x2D, 0x35, 0xA5,
        0x76, 0x22, 0x97, 0x1A, 0x9C, 0x92, 0x52, 0xA1, 0xE2, 0xA8, 0x1D, 0x6A, 0xA5, 0xDE, 0x27, 0x96,
        0x2A, 0x5C, 0x4E, 0xEA, 0x49, 0x9B, 0x3E, 0xF2, 0x47, 0xA5, 0x96, 0x96, 0xC0, 0x54, 0xB5, 0xE0,
        0x9A, 0xB4, 0x83, 0xA9, 0x3D, 0x0C, 0x8D, 0x29, 0xA7, 0x98, 0x3A, 0x53, 0x5F, 0xEA, 0xE7, 0xDB,
        0x69, 0x3B, 0x2C, 0xF7, 0x31, 0x29, 0xA0, 0xEA, 0x53, 0x31, 0x97, 0x27, 0xC2, 0xA9, 0xF7, 0xCA,
        0xC4, 0x41, 0x39, 0x9B, 0xCA, 0xC3, 0xEC, 0xD4, 0x4E, 0xB5, 0x57, 0x35, 0x55, 0xA7, 0xCA, 0x39,
        0x9A, 0x0A, 0x84, 0xF8, 0x0D, 0x4F, 0x4D, 0x87, 0x8C, 0x89, 0x9A, 0xE5, 0x54, 0xED, 0x45, 0x91,
        0x08, 0x97, 0x91, 0xD9, 0x60, 0x37, 0x95, 0xF4, 0x98, 0xA1, 0xA6, 0xD6, 0x53, 0x7D, 0x58, 0x50,
        0x1D, 0xAA, 0x75, 0x2C, 0xA9, 0x12, 0x55, 0xA3, 0x0A, 0xF2, 0xE2, 0xDA, 0x51, 0x5D, 0x84, 0xA7,
        0xF0, 0xE6, 0xB0, 0x96, 0xA2, 0x2A, 0x54, 0xED, 0xCE, 0x91, 0x41, 0xAA, 0xA8, 0x90, 0xA9, 0xE6,
        0xB1, 0xA9, 0xDA, 0x54, 0x95, 0x6A, 0x54, 0x95, 0xA9, 0x4E, 0x55, 0xAA, 0x02, 0xBB, 0xE5, 0xB6,
        0x54, 0x9F, 0xEA, 0x19, 0x7A, 0x4D, 0xDB, 0xEB, 0xAA, 0x16, 0x36, 0xAA, 0x0A, 0x00, 0xAB, 0xAA,
        0x55, 0x65, 0x82, 0xA0, 0x4B, 0x10, 0x75, 0x55, 0xEA, 0xA4, 0x55, 0xB3, 0x6A, 0x94, 0x9B, 0x6F,
        0x90, 0x6D, 0xAB, 0x72, 0xD5, 0xA7, 0x47, 0xE6, 0x84, 0xD3, 0xFB, 0x7A, 0x7F, 0xE8, 0x66, 0xAC,
        0x7A, 0xD5, 0x54, 0x58, 0x56, 0xC3, 0xAA, 0x58, 0x05, 0x62, 0x60, 0xD5, 0xA3, 0x92, 0xD5, 0xAF,
        0x9A, 0x56, 0xD5, 0xAA, 0x61, 0x63, 0xAB, 0xC3, 0xE9, 0xAC, 0x6E, 0x9E, 0xB6, 0x6A, 0x56, 0xE3,
        0x2A, 0x5C, 0x7D, 0xAB, 0x72, 0x95, 0xAE, 0xBE, 0xAC, 0xB9, 0x7A, 0x57, 0xEB, 0xAA, 0x5D, 0x85,
        0xAA, 0x79, 0x15, 0xAF, 0x62, 0x55, 0xBD, 0xEA, 0x56, 0xF1, 0xD3, 0x5E, 0xE5, 0xAB, 0x7E, 0xB5,
        0xAF, 0xFE, 0x55, 0x5E, 0x53, 0x91, 0x74, 0x5F, 0xEB, 0x62, 0x46, 0x81, 0x95, 0xB0, 0xC6, 0x3C,
        0xDF, 0x33, 0x58, 0x05, 0xEB, 0x9C, 0x2B, 0xAC, 0xF3, 0xE7, 0xB0, 0x1A, 0x56, 0x9C, 0x53, 0x9D,
        0x2C, 0x1C, 0x1A, 0xA2, 0x5C, 0x88, 0xD5, 0x75, 0x1D, 0x36, 0x9F, 0x97, 0x58, 0x15, 0xEB, 0x62,
        0xB5, 0x7B, 0xBC, 0x93, 0x78, 0xAD, 0x3C, 0xCB, 0x34, 0xEE, 0x82, 0x1D, 0x6B, 0xFB, 0x87, 0x8D,
        0xD5, 0x49, 0x39, 0x56, 0xDA, 0x22, 0x81, 0x96, 0x17, 0xD0, 0x7B, 0xAC, 0xE1, 0xC9, 0x9C, 0xE9,
        0x27, 0xAB, 0x05, 0x59, 0x77, 0xDF, 0x95, 0xD9, 0x4F, 0x93, 0x35, 0xB2, 0x52, 0xD6, 0x7B, 0x28,
        0x59, 0xF3, 0x57, 0x65, 0x85, 0x63, 0x96, 0x15, 0xEF, 0x60, 0xD6, 0xCB, 0x9A, 0x59, 0x35, 0x6B,
        0xDE, 0xD1, 0x71, 0xD5, 0x8C, 0xF9, 0xF0, 0xA7, 0x20, 0xB6, 0xAB, 0x5C, 0xCB, 0x66, 0x05, 0x33,
        0x9F, 0xD5, 0x22, 0x79, 0xD6, 0xB4, 0x84, 0xAF, 0x3A, 0x6B, 0xBE, 0xF2, 0x81, 0x68, 0xA9, 0xBA,
        0x30, 0x2F, 0xD2, 0xFA, 0xBA, 0x4C, 0x0C, 0xAD, 0x32, 0x80, 0xB0, 0x49, 0x5F, 0x95, 0xAE, 0xD1,
        0x1A, 0x5A, 0x45, 0xEB, 0x42, 0x2B, 0xAE, 0xA8, 0xD5, 0x43, 0x5D, 0x24, 0xD3, 0x7A, 0x5A, 0xAF,
        0x56, 0x69, 0x75, 0x4E, 0xAA, 0x35, 0xB5, 0xBA, 0xD6, 0xD7, 0xBA, 0x5A, 0x83, 0x0D, 0x6B, 0x6D,
        0xAD, 0xD3, 0x2E, 0xE8, 0xA5, 0x21, 0xD8, 0x0A, 0xBB, 0xF6, 0x55, 0x3C, 0x2B, 0x40, 0xB1, 0xB5,
        0xB6, 0x26, 0x1A, 0xD9, 0x4A, 0x5B, 0x67, 0xEB, 0xB2, 0x3A, 0x67, 0xC3, 0xC5, 0xB6, 0xDE, 0x56,
        0x94, 0xF6, 0x12, 0xC5, 0x53, 0xEA, 0xE3, 0x7E, 0xC1, 0x35, 0xB7, 0xF2, 0xD6, 0xDD, 0x8A, 0x5B,
        0x81, 0x2B, 0x87, 0xD3, 0xAD, 0xC2, 0x95, 0x59, 0x0D, 0x57, 0x55, 0x88, 0xE9, 0x88, 0xAB, 0x71,
        0x3D, 0xAE, 0xC8, 0x15, 0x01, 0x9D, 0x18, 0x8C, 0x94, 0x5C, 0x95, 0x6B, 0xB4, 0x12, 0x62, 0x96,
        0xB2, 0x83, 0x71, 0x30, 0x4B, 0x56, 0x98, 0xE0, 0xA3, 0x23, 0x62, 0x84, 0xBC, 0xCF, 0xEB, 0x2D,
        0xD7, 0xD8, 0xD4, 0xD3, 0x98, 0xAB, 0x53, 0xEC, 0x7E, 0x29, 0xAD, 0xB9, 0xEA, 0x1D, 0xE7, 0xFA,
        0x5C, 0xB1, 0xA0, 0x08, 0xB4, 0x80, 0xFB, 0x8F, 0x38, 0x45, 0xD7, 0x34, 0x05, 0xFF, 0xA6, 0xAB,
        0x75, 0xAD, 0xAE, 0x77, 0x07, 0xF8, 0x48, 0x57, 0xEA, 0x7A, 0x5D, 0x33, 0xD7, 0x36, 0x3C, 0x2E,
        0x9E, 0x49, 0x8F, 0x6D, 0xA9, 0x98, 0xA5, 0x5D, 0x5B, 0x1B, 0x76, 0x4D, 0x63, 0xD9, 0x15, 0x66,
        0x6D, 0xC1, 0xED, 0xCA, 0x5D, 0x91, 0x61, 0x78, 0xCD, 0x48, 0x74, 0xCE, 0xBB, 0x32, 0x37, 0xCE,
        0x0A, 0x5A, 0x5D, 0x8F, 0x99, 0x03, 0xAF, 0xFC, 0x4A, 0xD8, 0x99, 0x57, 0x7C, 0xD7, 0x5D, 0xC7,
        0xAB, 0x78, 0x6D, 0x5E, 0x0D, 0x30, 0x22, 0x1E, 0x40, 0x45, 0xD3, 0x9F, 0xCE, 0x62, 0x79, 0xAD,
        0x5C, 0xE4, 0xF5, 0xBB, 0x36, 0xA3, 0xF5, 0x9A, 0x5E, 0x17, 0xCD, 0x79, 0x6D, 0xAF, 0xF3, 0xD5,
        0x90, 0xFD, 0xBD, 0xFA, 0x1A, 0xF0, 0xE8, 0x2B, 0xA4, 0xF3, 0x7E, 0x39, 0xA7, 0x7E, 0x7D, 0xAA,
        0xA8, 0xD6, 0x08, 0xE1, 0xEB, 0x7B, 0x8D, 0xAF, 0xEE, 0xD5, 0xBE, 0xB2, 0x57, 0xF5, 0x2A, 0x5F,
        0xD1, 0x2B, 0x43, 0xB3, 0x83, 0x44, 0x4A, 0x36, 0xE1, 0xA5, 0x07, 0x08, 0x6E, 0x98, 0x1A, 0x82,
        0x43, 0x31, 0xF0, 0x4B, 0x76, 0x25, 0x21, 0xFC, 0xAA, 0x91, 0x38, 0x8E, 0x7E, 0xA5, 0x38, 0x01,
        0xB6, 0xBF, 0xC6, 0x2F, 0x75, 0xA3, 0x96, 0xD2, 0x4D, 0x63, 0xDA, 0xAF, 0x85, 0x48, 0x0D, 0x35,
        0xB7, 0xFC, 0x4A, 0x5C, 0xF8, 0xAB, 0x7F, 0x5D, 0x40, 0x4B, 0x48, 0xE7, 0xA8, 0x1E, 0x01, 0x7B,
        0x9B, 0x22, 0xA0, 0x75, 0x1A, 0xB0, 0x0F, 0xEF, 0xC1, 0xC6, 0x19, 0x02, 0x5B, 0x61, 0x0B, 0x2C,
        0x40, 0x64, 0xB0, 0x7E, 0x8E, 0xC2, 0x1E, 0x58, 0xD9, 0x92, 0x60, 0x37, 0xD2, 0x82, 0x55, 0xB0,
        0x06, 0x36, 0xC2, 0xF6, 0xAB, 0xB5, 0x69, 0x8E, 0xB8, 0x21, 0x82, 0x95, 0x6B, 0xC2, 0x66, 0x2D,
        0x01, 0x58, 0x08, 0x1B, 0x70, 0x1C, 0xAC, 0x84, 0x75, 0x6E, 0x7C, 0x07, 0xC6, 0x1E, 0xC1, 0x0B,
        0xBB, 0x77, 0x3C, 0xEC, 0xF7, 0xFB, 0xB0, 0x21, 0xB6, 0xC4, 0x66, 0xD8, 0x64, 0xF6, 0xDC, 0x52,
        0x2C, 0x87, 0x35, 0xB1, 0x20, 0x16, 0x6B, 0xA9, 0xD8, 0xD8, 0x85, 0x62, 0x77, 0xCE, 0x5B, 0xB4,
        0xB0, 0x24, 0xD6, 0xBA, 0x60, 0x58, 0x1C, 0xD8, 0x61, 0x83, 0x56, 0x51, 0x9B, 0xB0, 0x23, 0x56,
        0x73, 0xB5, 0xD8, 0x88, 0xF3, 0x89, 0x5E, 0xAC, 0x86, 0x75, 0xB1, 0x27, 0x76, 0xC3, 0xAE, 0x58,
        0x16, 0xDB, 0x63, 0x19, 0x9C, 0x88, 0xCD, 0xB1, 0x3B, 0xD6, 0xAA, 0xAD, 0x42, 0xAB, 0x67, 0x63,
        0x11, 0x19, 0x8F, 0xF5, 0x60, 0x33, 0x16, 0xC8, 0xFE, 0xD8, 0x16, 0xE7, 0x63, 0x51, 0x9C, 0x90,
        0xAD, 0xB1, 0x06, 0x08, 0xC7, 0xF2, 0x2A, 0x40, 0xA7, 0x63, 0x13, 0x90, 0x8C, 0xA5, 0xB1, 0x31,
        0xF6, 0x29, 0xE6, 0x9B, 0x1B, 0x1B, 0x64, 0xA9, 0x4D, 0x69, 0xE2, 0x31, 0x52, 0x16, 0x2A, 0x56,
        0xD9, 0xAC, 0x45, 0x65, 0xA7, 0x2C, 0x94, 0x25, 0xB2, 0x61, 0x76, 0xC8, 0x5A, 0x59, 0x27, 0x9B,
        0x64, 0x8D, 0xEC, 0x91, 0x7D, 0xB2, 0x20, 0x9F, 0xC9, 0x72, 0x24, 0xA3, 0x46, 0xC4, 0x94, 0x6C,
        0x91, 0x45, 0xB2, 0xAC, 0x50, 0x01, 0x36, 0xD9, 0x2B, 0xFB, 0x65, 0xB1, 0x6C, 0x99, 0x1D, 0xB3,
        0x5E, 0xB6, 0xCB, 0x3A, 0xB5, 0x22, 0xB6, 0x65, 0xB3, 0x2C, 0x98, 0x35, 0xB3, 0xF3, 0x8E, 0xCD,
        0x9E, 0x59, 0x35, 0x4B, 0x66, 0x29, 0xDA, 0xC5, 0xD3, 0xB2, 0x62, 0xD6, 0x5F, 0x35, 0x41, 0x3B,
        0x9B, 0x66, 0x41, 0x51, 0x98, 0xF1, 0x37, 0x51, 0xF6, 0x5F, 0xB9, 0xD9, 0x3A, 0x7B, 0xA7, 0x24,
        0x4E, 0x33, 0x5B, 0xB3, 0x70, 0x96, 0xCE, 0xD2, 0x9F, 0xD5, 0x23, 0x67, 0x01, 0x4F, 0x82, 0x8B,
        0xB3, 0x73, 0xB6, 0xCD, 0xBE, 0x59, 0x80, 0x83, 0xCE, 0xF4, 0x2C, 0x9E, 0x3D, 0x47, 0x77, 0x16,
        0xD0, 0xDE, 0xD7, 0x3C, 0xBB, 0x67, 0xF9, 0xEC, 0xA2, 0x3D, 0xB4, 0x0D, 0xD6, 0xD0, 0x16, 0x5A,
        0x41, 0x8B, 0x66, 0x09, 0xED, 0xA0, 0x4D, 0xB4, 0x45, 0x91, 0xD1, 0xE6, 0x20, 0x44, 0xAB, 0x68,
        0x4B, 0x5D, 0xA3, 0x8D, 0xB4, 0x8E, 0x76, 0x1A, 0x3E, 0x5A, 0x2E, 0x2B, 0x69, 0x27, 0x2D, 0x85,
        0xA9, 0xB4, 0x87, 0xE8, 0x43, 0x4D, 0x20, 0x31, 0xE3, 0x0B, 0x2F, 0xAD, 0xA5, 0xCD, 0xB4, 0x9C,
        0x87, 0x02, 0xF1, 0x1C, 0x4E, 0xBB, 0x69, 0x3B, 0x2D, 0xA3, 0xB1, 0x66, 0x9E, 0xB6, 0xE7, 0x80,
        0xDA, 0x4F, 0x1B, 0x6A, 0x45, 0xED, 0xA8, 0xF5, 0x4F, 0xB3, 0xEB, 0x2B, 0x41, 0x3D, 0xD0, 0x37,
        0x16, 0x2B, 0x94, 0x63, 0x82, 0x89, 0xA4, 0xB6, 0xD4, 0x02, 0x28, 0x53, 0x7B, 0x6A, 0x53, 0x2D,
        0xAA, 0xBD, 0x7F, 0xBD, 0x4A, 0x4D, 0x8D, 0x27, 0x55, 0xCB, 0x6A, 0x85, 0xD6, 0xAA, 0x6D, 0xB5,
        0xAE, 0xF6, 0xD5, 0xC2, 0xDA, 0x58, 0x3B, 0x6B, 0x65, 0x2D, 0xAD, 0x1D, 0x33, 0xE9, 0xAC, 0xD6,
        0x16, 0xA7, 0x75, 0x63, 0x6B, 0x43, 0x9B, 0xD2, 0x14, 0x3C, 0xB7, 0x16, 0xD7, 0xAA, 0x3E, 0x04,
        0x58, 0xE0, 0x72, 0x2D, 0xB9, 0xCB, 0x77, 0x51, 0x50, 0xD7, 0xF2, 0xDA, 0x5D, 0xEB, 0x6B, 0x7B,
        0x6D, 0xB0, 0x0D, 0x50, 0x2F, 0x50, 0xD8, 0x0E, 0xDB, 0xC1, 0x43, 0x6C, 0x8D, 0x6D, 0xB1, 0x2D,
        0x5C, 0x18, 0x2F, 0xC5, 0x0C, 0xBB, 0xB9, 0x06, 0xAA, 0x82, 0x0F, 0xB1, 0x63, 0x51, 0xC8, 0xD6,
        0xE7, 0x60, 0x19, 0x18, 0x77, 0x6C, 0x3B, 0x92, 0x3C, 0x4B, 0xB6, 0xD1, 0x56, 0xD9, 0xFE, 0x31,
        0xE1, 0x23, 0x6D, 0x11, 0x11, 0xE1, 0x81, 0xB6, 0xCE, 0x76, 0xD9, 0x02, 0x43, 0x9F, 0x76, 0xE1,
        0x98, 0x2D, 0xB5, 0x9D, 0xB6, 0x42, 0x68, 0xCD, 0xE4, 0xA5, 0x66, 0xFB, 0x6C, 0xED, 0x9F, 0x2C,
        0xBB, 0x80, 0xDC, 0xB6, 0xDB, 0x36, 0x1A, 0xB3, 0xB7, 0x07, 0xBF, 0x6D, 0x88, 0x02, 0x58, 0xD8,
        0xD6, 0xDB, 0x22, 0x99, 0xFA, 0x53, 0x6D, 0xB5, 0xAD, 0xFC, 0x8A, 0x74, 0xE5, 0xEE, 0xDA, 0x02,
        0xBF, 0x6C, 0x2B, 0x6E, 0xC1, 0xED, 0xB6, 0x0D, 0x7E, 0x67, 0x6E, 0xF8, 0x10, 0xB6, 0x86, 0x36,
        0x6E, 0xC3, 0xED, 0x25, 0xB3, 0xB6, 0x2A, 0xA6, 0x15, 0xBA, 0xDB, 0x76, 0x4B, 0xBF, 0xD4, 0x2D,
        0x33, 0xA4, 0x6F, 0xE4, 0x76, 0xA8, 0xAD, 0x18, 0x8F, 0x74, 0x6E, 0x0D, 0x15, 0xBB, 0x5D, 0xB7,
        0xE6, 0x36, 0xDD, 0x22, 0x1C, 0x74, 0x8B, 0xE6, 0xD8, 0xA1, 0xCC, 0x9A, 0x5F, 0xF4, 0x56, 0xDE,
        0xB2, 0xBC, 0x77, 0x1B, 0x6F, 0x33, 0xCC, 0x47, 0x8A, 0x8A, 0xDC, 0x46, 0xE8, 0x05, 0xC3, 0x61,
        0xA3, 0xB5, 0xE6, 0x2D, 0xBE, 0x0D, 0x58, 0x8F, 0xB0, 0xDE, 0xC2, 0x5B, 0x7B, 0xCB, 0x11, 0xA7,
        0x1B, 0x80, 0xAB, 0x36, 0x34, 0x86, 0xDF, 0xFE, 0xDB, 0x80, 0x48, 0x0C, 0x0D, 0x2E, 0xC0, 0xED,
        0xB7, 0x12, 0x71, 0xE0, 0xA6, 0xAA, 0x82, 0xAB, 0x70, 0xA3, 0x1B, 0xC2, 0x15, 0xB8, 0xD7, 0x2C,
        0xE1, 0xFA, 0x5B, 0x82, 0xBB, 0x70, 0xF5, 0x4B, 0xC0, 0x65, 0xB8, 0x5B, 0xCB, 0x57, 0x8D, 0x3D,
        0xB6, 0x94, 0x6F, 0x0F, 0x6E, 0x66, 0xA3, 0x5D, 0x09, 0xE7, 0x31, 0x09, 0xAC, 0x7D, 0x1B, 0xAA,
        0xD6, 0x90, 0xBE, 0x85, 0xB8, 0xCD, 0x0A, 0x17, 0x7D, 0xDC, 0x8C, 0x4B, 0x7D, 0x5C, 0x1B, 0xC5,
        0xED, 0xB8, 0xAD, 0x25, 0xC2, 0xDC, 0x19, 0x8B, 0xAB, 0xC6, 0x1A, 0xEE, 0xC3, 0x05, 0x49, 0x20,
        0x77, 0xE3, 0x4E, 0x5C, 0x8D, 0x9B, 0x02, 0x31, 0x2E, 0xC7, 0x75, 0x46, 0x03, 0x0B, 0x9B, 0x49,
        0x5C, 0x47, 0x58, 0x71, 0x1D, 0xAE, 0x74, 0x8B, 0xB8, 0x17, 0x17, 0x2E, 0xF2, 0x28, 0x0F, 0x18,
        0x72, 0x59, 0x5D, 0xCB, 0xCD, 0x45, 0xC0, 0x6A, 0xE4, 0xB6, 0xC3, 0x90, 0x04, 0x73, 0xD9, 0x8B,
        0xCB, 0x15, 0xB9, 0x28, 0x57, 0xE5, 0xBA, 0xC2, 0x92, 0xDB, 0xD8, 0x4E, 0xEE, 0xCB, 0x4D, 0xB9,
        0x45, 0x90, 0xE4, 0x82, 0x28, 0x9E, 0xAB, 0x70, 0x4C, 0xEE, 0xCA, 0x65, 0xB9, 0xAA, 0x0C, 0x93,
        0xD1, 0x5C, 0x9D, 0x8B, 0x73, 0x11, 0x9B, 0xD0, 0xAD, 0xB9, 0x36, 0xD7, 0xE3, 0x66, 0x9F, 0x8C,
        0xD7, 0xA3, 0xAE, 0x92, 0x54, 0x94, 0xB9, 0x41, 0x37, 0xC9, 0x18, 0xB1, 0x4C, 0xF7, 0x73, 0x70,
        0xE2, 0x07, 0x84, 0x6A, 0x39, 0x77, 0xE7, 0x46, 0x30, 0xA0, 0x7B, 0x73, 0x63, 0x6E, 0xD0, 0x49,
        0x44, 0x4E, 0x37, 0xE9, 0xDA, 0xAF, 0x81, 0x13, 0xAC, 0xA4, 0xEE, 0xD2, 0x55, 0x69, 0x48, 0xF7,
        0xAA, 0xAD, 0xDD, 0xA2, 0x4B, 0x74, 0x9B, 0xEE, 0xD1, 0x35, 0xBA, 0x4C, 0xF7, 0x73, 0x0D, 0xDD,
        0xA7, 0x0B, 0x75, 0x81, 0x4E, 0xD5, 0xA5, 0xBA, 0x56, 0x37, 0xEB, 0x8A, 0xB6, 0xA9, 0x7B, 0x75,
        0x07, 0xD1, 0x2D, 0x8B, 0xBA, 0x5A, 0x0E, 0xEB, 0x76, 0xDD, 0xAD, 0xEB, 0x75, 0xC3, 0xAE, 0xD6,
        0x55, 0x4A, 0x47, 0xEE, 0xDE, 0x52, 0x43, 0xAE, 0x0B, 0x76, 0x67, 0xD9, 0xD7, 0x55, 0xBA, 0x89,
        0x9D, 0xEC, 0xA2, 0x5D, 0xB3, 0x2B, 0x76, 0xC7, 0xEE, 0xD9, 0x2D, 0xBB, 0x2D, 0xAF, 0xED, 0xAA,
        0xDD, 0xB4, 0xCB, 0x76, 0x25, 0x9C, 0xDB, 0xAD, 0x68, 0xAB, 0x6C, 0x74, 0xBD, 0xDD, 0xB8, 0x0B,
        0x77, 0x67, 0xAE, 0xDC, 0x2D, 0x71, 0x73, 0xD7, 0xD1, 0x50, 0x37, 0x62, 0x43, 0x7C, 0xB8, 0x14,
        0x64, 0x32, 0x8A, 0x86, 0x4B, 0xC9, 0xD4, 0x5D, 0xBA, 0x8B, 0x77, 0xB3, 0xD9, 0xDE, 0xB5, 0xBB,
        0x7A, 0x37, 0xEF, 0x7E, 0xB6, 0xEB, 0x32, 0x13, 0xFB, 0xEE, 0x81, 0x01, 0xBC, 0x7E, 0x97, 0xEF,
        0xDE, 0x5D, 0xE1, 0x27, 0x78, 0x03, 0xEF, 0x92, 0x21, 0xBC, 0x70, 0x6F, 0xF0, 0xCE, 0xC0, 0x82,
        0x25, 0xC1, 0x08, 0x56, 0x4E, 0x54, 0xBC, 0xF7, 0xCB, 0xF0, 0x2E, 0x5E, 0x26, 0x93, 0x78, 0x03,
        0x5D, 0xE1, 0x45, 0xBC, 0x06, 0xEB, 0xD9, 0x31, 0xDE, 0x27, 0x85, 0xBF, 0x1E, 0xEF, 0xE1, 0x35,
        0x42, 0x8D, 0xF7, 0x15, 0x42, 0x5E, 0x92, 0xEF, 0xAA, 0x22, 0xAF, 0xE4, 0x6D, 0x72, 0x94, 0xB7,
        0xF2, 0x4A, 0xB9, 0xEA, 0x76, 0x79, 0x33, 0xEF, 0x44, 0xB4, 0xBC, 0x98, 0xB7, 0xC9, 0x4C, 0x5E,
        0x7D, 0xA9, 0x79, 0x8F, 0xD8, 0x75, 0xE2, 0xBC, 0x9B, 0x77, 0x68, 0x5D, 0xCA, 0xCE, 0xFB, 0x79,
        0x1D, 0xAF, 0xE7, 0x05, 0xBD, 0x9A, 0x2E, 0xF4, 0x8A, 0xDE, 0xD1, 0x4B, 0x7A, 0xB9, 0x9A, 0xE9,
        0x2D, 0xBD, 0xA7, 0x17, 0xF5, 0x76, 0xA9, 0xA1, 0xA7, 0x06, 0x53, 0xAF, 0xEA, 0xAD, 0x61, 0x22,
        0x6A, 0xF5, 0xB2, 0xDE, 0xD6, 0x0B, 0xF9, 0x8A, 0x9D, 0xEB, 0xB5, 0x73, 0x2B, 0xED, 0xF5, 0x96,
        0x9A, 0xE6, 0x43, 0x04, 0x69, 0xA0, 0x9C, 0x99, 0x8A, 0xF1, 0x0F, 0xED, 0xD5, 0x2E, 0xD8, 0x1B,
        0xE0, 0x42, 0x51, 0xEC, 0x95, 0x4C, 0xB3, 0x57, 0xF6, 0xD2, 0xDE, 0xDA, 0x6B, 0x7B, 0x3B, 0xCF,
        0xED, 0xC5, 0xBD, 0xA2, 0xC8, 0xD8, 0xE9, 0xDE, 0x99, 0x95, 0x7B, 0xED, 0xCF, 0xEE, 0xED, 0xBD,
        0xBC, 0xD7, 0xF7, 0x3E, 0xA3, 0xDF, 0x7B, 0x82, 0x3E, 0x58, 0x57, 0x0A, 0xBE, 0xC2, 0x17, 0xF8,
        0xAE, 0x29, 0x03, 0x77, 0x7F, 0x88, 0xEF, 0x32, 0x1B, 0xBE, 0x54, 0x51, 0xD0, 0x1D, 0xDF, 0xE4,
        0x6B, 0x7C, 0xA5, 0x20, 0xF2, 0x55, 0xBE, 0x02, 0xD1, 0xF9, 0x36, 0x5F, 0x8B, 0xC6, 0xE4, 0x46,
        0x11, 0xF3, 0x5D, 0xBE, 0x90, 0x30, 0x12, 0x3E, 0x5F, 0x27, 0x63, 0x95, 0x04, 0x14, 0xF4, 0x8D,
        0xBE, 0xD3, 0x57, 0x54, 0x55, 0x5F, 0xEA, 0x6B, 0x7D, 0xD9, 0x0D, 0xF6, 0xBD, 0xBE, 0xDA, 0x37,
        0xFB, 0xEA, 0x22, 0x73, 0xA8, 0x80, 0xC8, 0x0C, 0x0A, 0xFA, 0x3A, 0x26, 0x91, 0xFB, 0x7A, 0xDF,
        0xEF, 0xFB, 0x68, 0xB6, 0x2F, 0x76, 0xFA, 0x69, 0xDD, 0x57, 0xFC, 0xB2, 0x29, 0xF0, 0xDB, 0x85,
        0x8E, 0x5D, 0xF8, 0xE5, 0xBF, 0xE7, 0x77, 0x17, 0x15, 0x1F, 0xF2, 0xDB, 0x0D, 0xDD, 0x21, 0x2D,
        0x33, 0xBF, 0xE8, 0x97, 0x22, 0x56, 0x20, 0x7D, 0x97, 0xE6, 0xD2, 0xEF, 0xFA, 0x75, 0xBF, 0xEA,
        0xB7, 0xFD, 0xA2, 0x23, 0x16, 0xF3, 0x7E, 0x21, 0x17, 0xFB, 0xD5, 0x88, 0xF2, 0x57, 0xE4, 0xC3,
        0xDF, 0xF9, 0x5B, 0x7E, 0xE3, 0xAF, 0x5E, 0xA2, 0xBF, 0xF5, 0xD7, 0x1B, 0xDA, 0xDF, 0xFB, 0x3B,
        0x7E, 0xF1, 0xAF, 0xD0, 0x19, 0x51, 0xF9, 0x57, 0xFF, 0xEE, 0x5F, 0x0D, 0x03, 0x80, 0x35, 0x5E,
        0x00, 0x16, 0x39, 0x02, 0x78, 0x00, 0x13, 0x60, 0x03, 0x7C, 0x80, 0x0B, 0xB0, 0xCC, 0x4B, 0xC0,
        0x08, 0x78, 0x01, 0x2B, 0x60, 0x06, 0xDC, 0x80, 0x1F, 0xB0, 0x03, 0xCE, 0x4A, 0x11, 0x18, 0x02,
        0x0F, 0x1D, 0xB9, 0xB5, 0xD9, 0x24, 0xB0, 0xED, 0xCA, 0x4E, 0x59, 0x66, 0x02, 0xC3, 0xC2, 0xD0,
        0x47, 0x81, 0x47, 0x9B, 0x24, 0x14, 0x49, 0x5C, 0x4B, 0x9D, 0xC9, 0x49, 0x96, 0x66, 0x6A, 0x2A,
        0xB0, 0x05, 0xDE, 0xC0, 0x19, 0x18, 0x03, 0x03, 0xD6, 0x62, 0x73, 0x81, 0xB1, 0x0B, 0xAA, 0x43,
        0x76, 0xEF, 0x90, 0x03, 0x6B, 0xE0, 0x7D, 0x46, 0xBA, 0x52, 0x1D, 0xC3, 0xF3, 0xC0, 0xEA, 0x90,
        0x0D, 0x7D, 0xE0, 0x0E, 0x4C, 0xED, 0x40, 0x70, 0x08, 0xCE, 0x2E, 0x34, 0xCB, 0x04, 0x8F, 0xE0,
        0x15, 0x27, 0x82, 0x0B, 0x4F, 0x0A, 0x26, 0xC1, 0x25, 0x18, 0x05, 0x9F, 0x60, 0x82, 0x17, 0xC2,
        0x40, 0x98, 0xE7, 0x51, 0xC1, 0x2B, 0x98, 0x05, 0xBB, 0xE0, 0x16, 0x5C, 0x63, 0x6C, 0xB0, 0xB9,
        0x83, 0xC1, 0x32, 0x98, 0x06, 0x77, 0xAD, 0x1A, 0x3C, 0x83, 0x7D, 0xD4, 0x0B, 0x8E, 0xC1, 0x21,
        0xEF, 0x60, 0xE1, 0xE0, 0x1B, 0x9C, 0x83, 0x49, 0x54, 0x5B, 0xBA, 0x6E, 0x3A, 0x38, 0xA9, 0xF1,
        0xE0, 0x6F, 0xB8, 0x83, 0x93, 0x98, 0x10, 0x26, 0xC2, 0x45, 0x78, 0x9E, 0x0D, 0x61, 0x20, 0xDC,
        0x83, 0x7D, 0x70, 0x10, 0x46, 0xC2, 0x46, 0xF8, 0x08, 0x27, 0xE1, 0x25, 0xCC, 0x84, 0x9B, 0xB0,
        0x13, 0x56, 0xC2, 0x50, 0xF8, 0x09, 0x47, 0xE1, 0x81, 0x48, 0x85, 0xA5, 0xF0, 0x14, 0x06, 0x3B,
        0x7C, 0x10, 0xF1, 0x59, 0xE1, 0x2A, 0x7C, 0x85, 0xB1, 0x30, 0x17, 0xCE, 0xC2, 0x5A, 0x78, 0x0B,
        0x77, 0x61, 0x2F, 0xFC, 0x85, 0xC1, 0x70, 0x18, 0x6E, 0x75, 0xAF, 0x4D, 0x0C, 0x4B, 0xBA, 0x89,
        0x37, 0x86, 0xC9, 0x70, 0x62, 0x33, 0x36, 0x23, 0xA9, 0x0C, 0x9B, 0xE1, 0x33, 0x8C, 0x9C, 0xD2,
        0x30, 0x1A, 0x56, 0xC3, 0x6B, 0xF8, 0xDC, 0xB1, 0xE1, 0x36, 0x9C, 0xF0, 0xDD, 0xF0, 0x1B, 0x86,
        0xC3, 0xCD, 0x29, 0x0E, 0xD7, 0x39, 0xFF, 0xD7, 0x62, 0x6C, 0x8C, 0x1C, 0xA6, 0xC3, 0x73, 0x18,
        0xBA, 0xDD, 0x2E, 0x4C, 0x5B, 0x87, 0x7F, 0xA0, 0x1D, 0x26, 0x3A, 0xD5, 0xEE, 0x0E, 0xE3, 0xE1,
        0x3C, 0xAC, 0x05, 0xA7, 0x20, 0x4F, 0x53, 0x62, 0x7B, 0x58, 0x58, 0x21, 0x2C, 0x3F, 0xDC, 0x87,
        0xF9, 0xF0, 0xBE, 0x2B, 0x3A, 0xA7, 0x88, 0x10, 0x07, 0x62, 0xAF, 0x05, 0x03, 0x01, 0xB1, 0x20,
        0x1E, 0xC4, 0x7F, 0xB8, 0x10, 0x1B, 0xE2, 0x96, 0x16, 0x76, 0x0A, 0xDA, 0x21, 0x46, 0xC4, 0x8B,
        0xF8, 0x70, 0x09, 0x38, 0x46, 0x2C, 0xFF, 0x12, 0xB1, 0x22, 0x7E, 0xC4, 0x8E, 0xB8, 0x11, 0x47,
        0x62, 0x48, 0x2C, 0x89, 0x29, 0xF1, 0x24, 0x5E, 0x7C, 0xB5, 0x8A, 0x20, 0x56, 0xE2, 0xFA, 0x66,
        0x89, 0x2F, 0xF1, 0x26, 0xCE, 0xC4, 0x9A, 0x18, 0x13, 0x73, 0xE2, 0x4E, 0xEC, 0x89, 0x3F, 0x71,
        0x0D, 0x04, 0xC5, 0x6E, 0x30, 0x14, 0xB7, 0x33, 0x45, 0x97, 0x82, 0xB4, 0x99, 0x28, 0xC6, 0x3F,
        0xCE, 0x6B, 0x14, 0xEF, 0x25, 0x52, 0x5C, 0x8A, 0x49, 0xD1, 0x64, 0x3A, 0xC5, 0xB5, 0x8D, 0x32,
        0xB5, 0x9E, 0xE1, 0xA7, 0xE6, 0x6C, 0xDB, 0x4E, 0x4A, 0xC5, 0x09, 0x0B, 0x1E, 0x92, 0xA4, 0x52,
        0x14, 0xEA, 0x56, 0x71, 0x2B, 0x4E, 0x47, 0xAC, 0x98, 0xAE, 0xBD, 0x62, 0x6B, 0xA3, 0x8A, 0xD1,
        0xDD, 0x83, 0x51, 0x4D, 0x71, 0xD1, 0x15, 0xC3, 0xE2, 0xC4, 0x77, 0xBD, 0x64, 0xF1, 0x2C, 0x8E,
        0xC5, 0xED, 0x26, 0x17, 0xE3, 0xE2, 0x12, 0xA5, 0x8B, 0x6B, 0xF1, 0x2E, 0xB6, 0xC5, 0xD6, 0x8E,
        0x16, 0xDF, 0xE2, 0x60, 0x0C, 0x8C, 0x03, 0x20, 0x2F, 0x4E, 0x2F, 0xC3, 0x58, 0x18, 0x2B, 0x2C,
        0x62, 0x2C, 0xC2, 0x8C, 0x71, 0x31, 0x3E, 0xC6, 0xA6, 0x18, 0x15, 0x27, 0x63, 0x64, 0x6C, 0xA2,
        0x4E, 0x22, 0x94, 0x52, 0xC6, 0x56, 0xE8, 0xF3, 0x18, 0x9E, 0x01, 0x35, 0x09, 0xA1, 0xF1, 0x33,
        0x1E, 0x61, 0xCC, 0xD8, 0x19, 0xAB, 0xAA, 0xAF, 0xD5, 0x8C, 0x97, 0x71, 0x92, 0x5B, 0x58, 0x1B,
        0xAF, 0x32, 0x61, 0xB7, 0x68, 0x2C, 0x8D, 0xD1, 0xB1, 0x05, 0xE2, 0x8A, 0x14, 0x6C, 0x1A, 0x43,
        0x9A, 0xBA, 0xF6, 0xF5, 0xA8, 0xB1, 0xF6, 0xA9, 0xC6, 0xD7, 0x18, 0x1B, 0x23, 0xB9, 0x6C, 0xAC,
        0x8D, 0xB7, 0xF1, 0x05, 0x8A, 0x34, 0x03, 0xEE, 0x50, 0x11, 0x28, 0x6E, 0x8C, 0xA8, 0x10, 0x8D,
        0xC8, 0xEB, 0xC6, 0xE9, 0x8E, 0x84, 0x81, 0xE3, 0x70, 0x9C, 0xE8, 0xC0, 0x96, 0x37, 0x0E, 0x68,
        0xDF, 0x98, 0x61, 0x69, 0x17, 0xC4, 0x23, 0x8E, 0xED, 0xDA, 0x38, 0x2E, 0x5E, 0x2B, 0x50, 0xE0,
        0x91, 0xE3, 0x72, 0x4C, 0xCF, 0x0A, 0xE2, 0x39, 0x36, 0xC7, 0x6D, 0x2A, 0x1D, 0xBB, 0x17, 0x76,
        0xAC, 0x8E, 0x25, 0x4D, 0x1B, 0x5A, 0xC7, 0x25, 0x49, 0x2A, 0x91, 0xBE, 0x76, 0x3C, 0xFF, 0xDE,
        0xF1, 0xF3, 0x72, 0x31, 0x78, 0x46, 0xB5, 0xB8, 0x63, 0x78, 0x1C, 0x8F, 0x6B, 0x96, 0x3C, 0x76,
        0x37, 0xF4, 0x58, 0x11, 0x19, 0x9F, 0x7A, 0x3C, 0x83, 0xEC, 0xB1, 0xFE, 0x5A, 0x70, 0xDE, 0x6B,
        0x36, 0xDD, 0x63, 0x81, 0xB6, 0xC4, 0xF2, 0xF1, 0x3E, 0xC6, 0xC7, 0xFA, 0x38, 0x08, 0xF1, 0xE3,
        0x22, 0x74, 0x7C, 0x62, 0xA1, 0x3F, 0x06, 0xC8, 0x0D, 0x66, 0x20, 0x5B, 0x1C, 0x81, 0x1C, 0x90,
        0x0B, 0x72, 0x3F, 0x36, 0xC8, 0xE7, 0xF0, 0x20, 0x23, 0x64, 0xB9, 0xA9, 0x90, 0x13, 0xF2, 0x42,
        0x66, 0xC8, 0xF3, 0xB0, 0x21, 0xB7, 0xF7, 0x86, 0xE5, 0x90, 0x1F, 0xB2, 0xAD, 0xB2, 0x6F, 0x10,
        0xF9, 0x98, 0x45, 0xE4, 0x6D, 0x26, 0x91, 0xC7, 0x8F, 0x87, 0xE4, 0x67, 0x31, 0xCA, 0xE8, 0x4C,
        0x64, 0x90, 0x6C, 0x91, 0x91, 0x4F, 0x45, 0x16, 0xC9, 0x14, 0xD9, 0x61, 0x61, 0xE4, 0x8C, 0xAC,
        0xD8, 0x34, 0x72, 0xBF, 0xC9, 0x5B, 0x44, 0x8F, 0x23, 0x9B, 0xB2, 0x8B, 0xBC, 0x91, 0x3B, 0x72,
        0x6E, 0x22, 0xC9, 0x0D, 0x8F, 0xD4, 0x65, 0x37, 0x0C, 0x34, 0x92, 0x43, 0xF2, 0xAC, 0xF3, 0xC8,
        0xFD, 0x6C, 0xBB, 0x69, 0x37, 0xDA, 0x64, 0x93, 0x4D, 0x32, 0x4A, 0x5E, 0xC9, 0x2C, 0x39, 0x25,
        0xAB, 0xE4, 0x93, 0x5C, 0x92, 0x3F, 0x72, 0xE3, 0x9B, 0x34, 0x33, 0x19, 0x26, 0xD7, 0x64, 0x9A,
        0x3C, 0xE9, 0x4A, 0xA0, 0x76, 0x72, 0xC9, 0x37, 0x59, 0x26, 0xC7, 0xE4, 0x96, 0xFC, 0x92, 0x8F,
        0x0E, 0x37, 0xDB, 0x5F, 0xA0, 0x8E, 0x27, 0x8B, 0xBA, 0xEF, 0x95, 0x93, 0x9B, 0x5D, 0x4F, 0x8E,
        0x7C, 0xFA, 0x0C, 0x27, 0xEB, 0xE4, 0x9D, 0xEC, 0x93, 0x85, 0x14, 0x81, 0x1B, 0xCA, 0x42, 0xF9,
        0x27, 0x57, 0x45, 0xA4, 0xCC, 0x94, 0x93, 0x72, 0x51, 0x36, 0xCA, 0x4B, 0x19, 0x28, 0x4F, 0xCA,
        0xA3, 0x1C, 0x94, 0x95, 0x32, 0x54, 0x46, 0x3A, 0x4D, 0xD9, 0x29, 0x3F, 0x65, 0xA9, 0x1C, 0x95,
        0xE9, 0xDD, 0x54, 0xD6, 0x89, 0xAB, 0x0F, 0x2B, 0x57, 0x65, 0xAA, 0x0C, 0xBD, 0xAE, 0x72, 0x56,
        0xB6, 0xCA, 0x5D, 0x59, 0x2B, 0x6F, 0x65, 0xA2, 0xCC, 0x95, 0xBD, 0xF2, 0x57, 0x26, 0x7C, 0x60,
        0x19, 0x0C, 0x32, 0x20, 0x24, 0x14, 0x96, 0xE5, 0x1E, 0xE2, 0x72, 0x81, 0x62, 0x39, 0x1E, 0x52,
        0xBA, 0x12, 0x36, 0xE5, 0x58, 0x95, 0x6F, 0x39, 0xCB, 0x65, 0x79, 0x2C, 0x7F, 0x9C, 0x87, 0x85,
        0x96, 0xCD, 0x32, 0x59, 0x66, 0xCB, 0x6B, 0x59, 0x2D, 0xA7, 0xE5, 0xB6, 0xEC, 0x96, 0x71, 0xD7,
        0x5B, 0x8E, 0xCB, 0x70, 0x19, 0x1A, 0x5D, 0xB0, 0xB9, 0xCC, 0xDD, 0xE4, 0x32, 0x5D, 0x9E, 0x7B,
        0x4C, 0xCC, 0x24, 0xD5, 0x65, 0x83, 0x78, 0x97, 0xF1, 0x72, 0x5E, 0xD6, 0xCB, 0x05, 0x6A, 0x2F,
        0xBB, 0x21, 0xE5, 0x93, 0x78, 0x00, 0x73, 0x1C, 0x3C, 0x49, 0x7C, 0x79, 0x30, 0x93, 0xC1, 0x2D,
        0x27, 0xF1, 0x86, 0x95, 0x60, 0x8E, 0x52, 0x28, 0xC9, 0x40, 0x25, 0x1F, 0xBA, 0x17, 0x98, 0x4D,
        0x58, 0xF8, 0xAB, 0x4D, 0x07, 0x6A, 0xAB, 0x19, 0xE6, 0x8E, 0x78, 0x99, 0x0E, 0x73, 0xD8, 0x4A,
        0xCC, 0x10, 0xCB, 0x2D, 0x21, 0xE6, 0x44, 0xC5, 0x8B, 0x4E, 0x18, 0x61, 0x56, 0xCC, 0x85, 0xF9,
        0x0D, 0x35, 0xE6, 0xC8, 0xBC, 0x88, 0x18, 0x73, 0x65, 0x4E, 0x49, 0xCD, 0x50, 0xB7, 0x48, 0xE6,
        0xE5, 0xF3, 0x98, 0x21, 0x73, 0x77, 0x73, 0xCC, 0x8B, 0xF9, 0xD8, 0x88, 0x2F, 0x53, 0x74, 0x99,
        0x29, 0xB3, 0x65, 0x9E, 0xCC, 0x70, 0x28, 0x8E, 0x61, 0x66, 0x27, 0x56, 0x9A, 0x43, 0xF3, 0x66,
        0xFE, 0xCC, 0x78, 0x6A, 0xBB, 0x68, 0x66, 0xD1, 0x6C, 0x9A, 0x55, 0x12, 0x15, 0xA4, 0x6A, 0x9C,
        0x99, 0x34, 0x67, 0xE6, 0x6E, 0xE6, 0x99, 0x77, 0x0B, 0x12, 0xEC, 0xCC, 0x19, 0x48, 0xDD, 0x35,
        0x31, 0x87, 0xF8, 0xAC, 0x9C, 0xF3, 0x69, 0xE6, 0x5F, 0xA3, 0x19, 0x35, 0xAB, 0xE6, 0xBB, 0xD6,
        0x9A, 0x53, 0xB3, 0xE4, 0x4B, 0x3A, 0x49, 0x90, 0xBB, 0xB0, 0xE6, 0x9D, 0xB8, 0x9A, 0x9F, 0x8C,
        0x8A, 0x73, 0xCD, 0xB5, 0xF9, 0x35, 0xDB, 0x66, 0xD9, 0xBC, 0xE9, 0x90, 0x14, 0x6D, 0x8E, 0xCD,
        0xB7, 0x19, 0x36, 0x8F, 0x2A, 0xE2, 0xB7, 0xAA, 0x66, 0x33, 0x70, 0xDE, 0xCD, 0xBE, 0x99, 0x37,
        0x07, 0x67, 0xDD, 0x0C, 0x9A, 0xA3, 0x57, 0xB2, 0xEB, 0xCD, 0xB8, 0x19, 0x80, 0xC5, 0x21, 0x45,
        0x45, 0xB4, 0x2A, 0x18, 0x71, 0x36, 0xCE, 0xC7, 0x79, 0x38, 0x17, 0xE7, 0xDC, 0x2C, 0x9C, 0x95,
        0x73, 0x72, 0xD6, 0x80, 0x4A, 0x08, 0x39, 0x33, 0xE7, 0xE5, 0xFC, 0x9C, 0xA3, 0xF3, 0x76, 0x6A,
        0xCE, 0xD2, 0x79, 0x3A, 0x53, 0x67, 0xED, 0xAC, 0xD9, 0xAC, 0x73, 0x75, 0xBE, 0xCE, 0xD8, 0x39,
        0x3B, 0x6F, 0x67, 0xEE, 0xAC, 0x74, 0xBA, 0xB3, 0x77, 0xFE, 0xCE, 0xE0, 0x39, 0x3C, 0x8B, 0xE7,
        0xF1, 0x4C, 0x9E, 0xCD, 0x73, 0x79, 0x3E, 0xCF, 0xE8, 0x39, 0x3D, 0xB3, 0x67, 0xF5, 0xBC, 0x9E,
        0x3F, 0x93, 0x1C, 0xAA, 0x67, 0xB1, 0x0E, 0x5A, 0xB1, 0xB9, 0x75, 0xD7, 0x9E, 0xD7, 0xA9, 0x7B,
        0x86, 0xCF, 0xC5, 0xF0, 0x3D, 0xCB, 0xE7, 0xF8, 0x2C, 0x0B, 0xE7, 0x33, 0xBF, 0xA3, 0xCF, 0xF7,
        0xD9, 0x3E, 0xD7, 0x67, 0xFC, 0x1C, 0x85, 0x02, 0x18, 0xE8, 0xE1, 0xCF, 0xF9, 0x59, 0x3F, 0xF7,
        0x67, 0xFF, 0xBC, 0x9F, 0x11, 0x4C, 0x99, 0x01, 0xD0, 0x01, 0x5A, 0x40, 0x0B, 0xC3, 0x45, 0x45,
        0xA0, 0x07, 0x74, 0xE2, 0x2A, 0xD0, 0x06, 0xFA, 0x40, 0x8F, 0x9D, 0xA5, 0x83, 0xA0, 0x13, 0x34,
        0xFF, 0x1B, 0x86, 0xB3, 0xD0, 0x2A, 0xB2, 0x24, 0x06, 0x2D, 0xA5, 0x16, 0x74, 0x83, 0x3E, 0x51,
        0x8F, 0xCC, 0x41, 0xAF, 0xA4, 0x2A, 0xF8, 0xA0, 0x21, 0x74, 0x84, 0x96, 0xD0, 0x13, 0x1A, 0x45,
        0xAD, 0xC1, 0x0A, 0xED, 0xCD, 0x28, 0xF4, 0x85, 0xB6, 0xD0, 0x18, 0x3A, 0x77, 0x65, 0x68, 0x0D,
        0x7D, 0xF7, 0x36, 0xF4, 0x13, 0xE3, 0xD0, 0x1D, 0x9A, 0x27, 0x82, 0xE8, 0x0F, 0xED, 0xA1, 0x5D,
        0x5A, 0x88, 0x2E, 0x5A, 0x22, 0x7A, 0x44, 0x5F, 0x45, 0x12, 0x5D, 0xA2, 0x4F, 0xB4, 0x89, 0x1E,
        0x75, 0x37, 0xAE, 0x2B, 0x9E, 0xBA, 0x14, 0x1D, 0xB1, 0x12, 0x9E, 0x8A, 0x46, 0xD1, 0x4C, 0x47,
        0x1A, 0x21, 0x28, 0x76, 0x87, 0x8A, 0xC4, 0x5F, 0x8B, 0x5E, 0xD1, 0x2D, 0xC9, 0x25, 0x9D, 0x17,
        0xD3, 0x84, 0xE7, 0xBA, 0x8B, 0x8C, 0xFE, 0x66, 0x77, 0x2E, 0x93, 0xD1, 0x68, 0x18, 0x3D, 0xA3,
        0x5D, 0x74, 0x8C, 0x2E, 0x7E, 0xD3, 0x68, 0xBF, 0xBC, 0x68, 0x1B, 0x7D, 0xA3, 0xEF, 0x5B, 0xFE,
        0x29, 0xD2, 0x5C, 0x2E, 0x41, 0xE9, 0x1F, 0xE3, 0x55, 0x16, 0x59, 0x60, 0x8D, 0x96, 0x5E, 0xB2,
        0x07, 0x47, 0xEB, 0xE8, 0x1C, 0xBD, 0xA3, 0x8B, 0x59, 0x97, 0x7B, 0x69, 0x42, 0x3A, 0x48, 0xF3,
        0x68, 0xBA, 0x55, 0xF4, 0x88, 0xF4, 0x90, 0x7E, 0x49, 0x72, 0x91, 0x4A, 0x23, 0xE9, 0x24, 0xED,
        0xA6, 0x8E, 0x34, 0x56, 0x32, 0xD2, 0x4A, 0x1A, 0xA6, 0x81, 0x3D, 0x01, 0xA6, 0xC9, 0x9C, 0xF4,
        0x93, 0x5E, 0xD2, 0x4C, 0xBA, 0x49, 0xC3, 0xA4, 0x2A, 0x1D, 0xA5, 0x8D, 0x1E, 0x03, 0x3C, 0x78,
        0x50, 0x7A, 0x4A, 0x4B, 0xE9, 0xF1, 0x67, 0xA5, 0xAF, 0xB4, 0x05, 0xC3, 0xD2, 0x5A, 0xDA, 0x4B,
        0x6F, 0xE9, 0x2C, 0xED, 0xE5, 0xB8, 0x74, 0x97, 0x86, 0x33, 0x64, 0xFA, 0x4B, 0x83, 0xE9, 0x30,
        0xFD, 0xC5, 0xC6, 0xB4, 0x98, 0x2E, 0xD3, 0x66, 0xFA, 0x4C, 0x8B, 0xAD, 0x53, 0x83, 0xA6, 0x2B,
        0x62, 0x8A, 0x62, 0x54, 0x0A, 0xCA, 0x9E, 0xA5, 0x69, 0x35, 0x0D, 0x61, 0xD6, 0x34, 0x9B, 0x6E,
        0xD3, 0x6E, 0xFA, 0x4D, 0xEF, 0x1F, 0xB4, 0x0A, 0xA7, 0xC7, 0x57, 0x9C, 0x4E, 0x52, 0x72, 0xDA,
        0x35, 0xCE, 0x69, 0xCE, 0xA7, 0x75, 0x06, 0xD8, 0xAD, 0x8A, 0x7A, 0x8D, 0x8A, 0x4E, 0xC7, 0xA4,
        0x3A, 0xAD, 0xEC, 0x08, 0xF5, 0x9D, 0x3E, 0x64, 0x95, 0xAE, 0x17, 0xD9, 0x69, 0x02, 0x86, 0xA7,
        0xF1, 0x9A, 0x9E, 0xCE, 0xD3, 0x7C, 0x7A, 0x4F, 0xF7, 0x69, 0x40, 0xED, 0xA7, 0x9B, 0x4E, 0xA0,
        0x16, 0xD4, 0x83, 0xFA, 0x2D, 0x1D, 0xC4, 0x42, 0x6D, 0xB4, 0xA0, 0x8C, 0xA1, 0x3E, 0xD4, 0x88,
        0x1A, 0xBE, 0x24, 0x6A, 0x45, 0x7D, 0xF4, 0x8A, 0x14, 0xA3, 0x46, 0x36, 0xB0, 0x65, 0x51, 0x3B,
        0xEA, 0x36, 0x37, 0xB6, 0x28, 0x8D, 0xF1, 0xE3, 0x43, 0x1A, 0xA8, 0x51, 0xA3, 0x9A, 0x90, 0x13,
        0x65, 0x24, 0x35, 0x4A, 0xDC, 0x64, 0x23, 0xCF, 0x53, 0x57, 0x1A, 0x4E, 0xAD, 0xA9, 0x23, 0xF5,
        0xA3, 0x86, 0xD4, 0x61, 0x4A, 0x05, 0x5D, 0xB4, 0x07, 0x07, 0x63, 0x28, 0xF5, 0xA4, 0xCE, 0xD4,
        0x95, 0x1A, 0x53, 0x3B, 0xC1, 0x4B, 0x6D, 0x69, 0x3A, 0xCE, 0xA6, 0xEE, 0xD4, 0x73, 0x28, 0x54,
        0xAB, 0xEA, 0x55, 0x9D, 0x5A, 0x64, 0xF5, 0x7B, 0x49, 0xD5, 0xA8, 0x7A, 0x54, 0x8B, 0x6A, 0x50,
        0xFD, 0xA9, 0x07, 0x5A, 0x2E, 0x2B, 0xD5, 0xA4, 0xFA, 0x54, 0x43, 0x31, 0x3A, 0x04, 0x62, 0x4C,
        0xB5, 0x4C, 0x8A, 0x62, 0xB8, 0x3A, 0x57, 0x5F, 0x1A, 0x36, 0x63, 0xAB, 0x59, 0x35, 0xAD, 0xDE,
        0xD5, 0xB5, 0x7A, 0x56, 0x5B, 0xEA, 0x58, 0xDD, 0xAA, 0x9D, 0xCE, 0xAB, 0xD6, 0xD5, 0xB0, 0x9A,
        0x57, 0xBB, 0x6A, 0x4E, 0x97, 0x0C, 0x6F, 0x75, 0xB3, 0x2E, 0xD6, 0x9B, 0xAB, 0xF4, 0x6C, 0x20,
        0x60, 0x9D, 0x69, 0x24, 0xD6, 0xB0, 0xC6, 0x4C, 0xB0, 0x0D, 0x59, 0xB3, 0xBE, 0x5F, 0x8D, 0x69,
        0xA8, 0x11, 0xC2, 0x4B, 0xD6, 0xBD, 0xDA, 0x58, 0x43, 0xEB, 0x60, 0x2D, 0xAC, 0xF1, 0xDB, 0xB1,
        0x26, 0xD6, 0xC7, 0x4F, 0x59, 0x7B, 0x17, 0x5F, 0xCD, 0xAC, 0x97, 0xF5, 0xA2, 0x93, 0xD6, 0xDD,
        0xDA, 0xE3, 0x80, 0x6B, 0x67, 0x3D, 0xAD, 0x9D, 0x21, 0xB7, 0xA6, 0x85, 0xE8, 0x10, 0xA3, 0x2D,
        0x1C, 0xA9, 0x27, 0xAE, 0xBF, 0xDB, 0x6B, 0xD9, 0xD6, 0xD7, 0x5A, 0x8A, 0x45, 0xEB, 0x6C, 0xED,
        0xAD, 0x97, 0x1C, 0x6A, 0xB1, 0xD6, 0xDF, 0x1A, 0xEB, 0x69, 0xEB, 0x6A, 0x3D, 0xB1, 0x1C, 0x95,
        0x8A, 0xB2, 0x82, 0x26, 0xAF, 0x5C, 0xBB, 0x6B, 0x6C, 0x7D, 0x71, 0x6C, 0xD6, 0xB8, 0x46, 0xD7,
        0x53, 0x8C, 0x5C, 0xAF, 0x6B, 0x7F, 0xC6, 0xAE, 0x6B, 0x61, 0xB8, 0xBE, 0x36, 0xE7, 0x5A, 0x5D,
        0xAB, 0xC0, 0x76, 0x6D, 0xAE, 0xD3, 0x35, 0xF2, 0x03, 0x8A, 0xF1, 0x1A, 0x5F, 0xC3, 0xEB, 0x20,
        0xF5, 0xAC, 0x19, 0x1F, 0x08, 0xBC, 0xD7, 0xF6, 0x5A, 0x5E, 0xCF, 0xEB, 0x0A, 0x53, 0xAF, 0xDF,
        0xF5, 0x54, 0xA3, 0xD7, 0xFC, 0x05, 0x8C, 0x05, 0xBE, 0x7C, 0x0D, 0xB0, 0xAF, 0x1D, 0xBF, 0xA6,
        0x58, 0x47, 0x4A, 0x60, 0xF3, 0x9F, 0x81, 0x9D, 0xF5, 0xF6, 0x35, 0xB5, 0xD6, 0xD7, 0x6E, 0x11,
        0xBC, 0x4D, 0x3D, 0x85, 0x0D, 0xB1, 0x23, 0x36, 0xC1, 0xB6, 0x74, 0x0E, 0xDB, 0x60, 0x23, 0x6C,
        0x89, 0x7D, 0xB0, 0x17, 0xB6, 0x94, 0x19, 0x71, 0x0C, 0xFB, 0x61, 0x17, 0xEC, 0x02, 0x96, 0xB0,
        0x8D, 0x13, 0xD9, 0x7A, 0x42, 0x72, 0xF0, 0x0E, 0x4A, 0x2B, 0x8B, 0x4D, 0xB1, 0xDB, 0xE2, 0xC4,
        0xAE, 0x86, 0x15, 0xFB, 0x62, 0x63, 0xEC, 0x8D, 0x9D, 0xB1, 0xC3, 0x9B, 0xC6, 0x5E, 0x76, 0x0D,
        0x7B, 0x5A, 0x71, 0xEC, 0x90, 0x4D, 0xC5, 0x40, 0x76, 0xC0, 0x16, 0xD9, 0x28, 0xAC, 0x63, 0x7F,
        0x6C, 0x8F, 0x0D, 0x69, 0x03, 0x2D, 0xC9, 0x1E, 0xD9, 0xD6, 0x50, 0x0F, 0x97, 0x6C, 0x93, 0x7D,
        0xB2, 0xAB, 0xD1, 0xEC, 0x49, 0xD9, 0x3C, 0xB2, 0xFA, 0xE0, 0xC3, 0x18, 0xA4, 0xB2, 0x57, 0xB6,
        0x43, 0x63, 0xD9, 0x38, 0x0E, 0xB7, 0x84, 0x9A, 0x98, 0x2D, 0xB3, 0x5B, 0x36, 0x77, 0x72, 0xD9,
        0x61, 0xEE, 0x65, 0xC3, 0x6C, 0x9D, 0x4D, 0xB3, 0x6F, 0xF6, 0xCC, 0xAE, 0xD9, 0x36, 0xDB, 0x4A,
        0xE1, 0x6C, 0x70, 0x56, 0x87, 0xC2, 0xCD, 0xCE, 0xF6, 0x36, 0x41, 0x9B, 0x67, 0x03, 0x6D, 0x5C,
        0xD7, 0xB3, 0x7D, 0xF6, 0xC9, 0xC3, 0x76, 0x42, 0x7B, 0x97, 0x31, 0x6D, 0xA4, 0x9D, 0x6A, 0x8C,
        0x76, 0xF2, 0x3B, 0xDA, 0x44, 0xBB, 0x68, 0x2B, 0xED, 0xA6, 0xBD, 0xB4, 0x93, 0xF6, 0xD0, 0xBE,
        0x67, 0x54, 0x1B, 0x05, 0x4A, 0xED, 0xA9, 0xED, 0xB4, 0xA1, 0x76, 0xD4, 0x7E, 0xDA, 0xE4, 0x0B,
        0x2B, 0x62, 0xED, 0xAC, 0xFD, 0xB5, 0x93, 0xD6, 0xD6, 0xF6, 0xDA, 0x56, 0xBB, 0x6A, 0x83, 0x6D,
        0x4D, 0xC3, 0xB5, 0xC3, 0x76, 0xD7, 0xD6, 0xDA, 0x31, 0xED, 0x6A, 0x23, 0xBA, 0xB2, 0xAD, 0x09,
        0xC9, 0xF6, 0xD8, 0x66, 0xDB, 0x66, 0xDB, 0x6D, 0x1B, 0xC3, 0xB8, 0x8D, 0xB6, 0xD3, 0x76, 0xDB,
        0x86, 0xDB, 0x6F, 0xFB, 0x6C, 0xAB, 0xED, 0xBD, 0x4D, 0xB7, 0xE5, 0xF6, 0xDC, 0xC6, 0xDB, 0x79,
        0x3B, 0xD9, 0x84, 0x9E, 0xBB, 0x2D, 0xB6, 0xED, 0xB6, 0xDE, 0xAE, 0xDB, 0x7C, 0xDB, 0x6F, 0xF7,
        0x6D, 0xC0, 0xFD, 0xB7, 0x73, 0x36, 0xE1, 0x0E, 0xDC, 0x82, 0x7B, 0x70, 0x17, 0x6E, 0x46, 0x74,
        0xB8, 0x0D, 0xF7, 0xA3, 0x9A, 0x49, 0xE5, 0x16, 0x71, 0xC3, 0x2A, 0x6C, 0x93, 0xB8, 0x63, 0x4C,
        0xC5, 0x52, 0xDC, 0x34, 0x69, 0x71, 0x7F, 0x17, 0x8E, 0xC7, 0xB8, 0x15, 0xD7, 0xE4, 0x86, 0xDC,
        0x0F, 0x2D, 0x72, 0x3B, 0x6E, 0x0E, 0xD4, 0xB8, 0x29, 0x77, 0x15, 0xE2, 0x64, 0x9A, 0xDB, 0x72,
        0xCF, 0xB1, 0xCA, 0x8D, 0xB9, 0x1F, 0x77, 0xE6, 0xDE, 0xDC, 0xED, 0xEE, 0x72, 0x73, 0x6E, 0xCF,
        0x1D, 0x8D, 0x24, 0xF7, 0x6F, 0xE9, 0xDC, 0x99, 0x89, 0x26, 0x7E, 0x6E, 0xD0, 0x5D, 0xC5, 0xC0,
        0x61, 0xE8, 0xA6, 0x84, 0xA2, 0x7B, 0x74, 0x8B, 0x3E, 0xD2, 0xED, 0x97, 0xC2, 0x61, 0xEA, 0x56,
        0xDD, 0x16, 0x0B, 0x75, 0x1F, 0xC3, 0xD2, 0x7D, 0xBA, 0x77, 0x97, 0xE7, 0x32, 0xDD, 0xAB, 0x3B,
        0xEC, 0xB5, 0x6E, 0xD6, 0xCD, 0x70, 0x94, 0x9F, 0xEB, 0xD6, 0xDD, 0xB0, 0x3B, 0x76, 0xCB, 0xEE,
        0xD9, 0x7D, 0xBB, 0x71, 0xB7, 0xED, 0xA6, 0xDD, 0xAF, 0xBB, 0x76, 0xE7, 0xEE, 0xDA, 0x6E, 0x66,
        0x78, 0x77, 0x07, 0xDA, 0xDD, 0xC1, 0x1B, 0x78, 0x0F, 0x6F, 0xE1, 0x4D, 0xBC, 0x21, 0x55, 0xF1,
        0x36, 0xDE, 0xC7, 0x9B, 0x77, 0xD9, 0x42, 0xE4, 0x2D, 0xF6, 0xCA, 0x5C, 0xF2, 0x56, 0xDE, 0xA9,
        0x68, 0xF1, 0x2C, 0xEF, 0x05, 0x05, 0xE6, 0x98, 0xF7, 0xBB, 0x69, 0xDE, 0xCF, 0xFB, 0x1A, 0x3A,
        0xEF, 0xB2, 0x05, 0xBD, 0xA3, 0xB7, 0xF4, 0x7E, 0x3A, 0xD3, 0x9B, 0x7A, 0x57, 0x6F, 0xEB, 0x0D,
        0x6F, 0xAE, 0x37, 0xF6, 0xCE, 0xDE, 0xB0, 0xE6, 0x68, 0x69, 0xEF, 0xED, 0xCD, 0xBD, 0x7D, 0x51,
        0x5E, 0xEB, 0xDE, 0x76, 0xA8, 0x6E, 0x81, 0x6F, 0xF1, 0xF6, 0xBD, 0xA1, 0x90, 0xF7, 0xAE, 0x65,
        0x8C, 0x27, 0x7C, 0x8B, 0xEF, 0x8B, 0xD5, 0x88, 0xC6, 0xF7, 0xF2, 0xEB, 0x5E, 0xD6, 0x67, 0x0E,
        0xA6, 0x30, 0xF2, 0x6D, 0xB6, 0x20, 0x1A, 0xC6, 0x2A, 0xDF, 0xE8, 0x3B, 0x7D, 0xF3, 0x25, 0x40,
        0x76, 0xBE, 0x33, 0x56, 0xC7, 0x33, 0xDF, 0x0C, 0x4A, 0xC6, 0xB4, 0xEF, 0x3B, 0xE4, 0xA0, 0x1A,
        0x14, 0x5B, 0x64, 0xDF, 0xEB, 0xDB, 0x80, 0xB1, 0x1E, 0xB1, 0x98, 0x6D, 0x34, 0x96, 0xFA, 0x7E,
        0xDF, 0xF0, 0xDB, 0x7D, 0x5B, 0xA3, 0x4F, 0xF8, 0xA0, 0x8C, 0xDC, 0xFC, 0xF6, 0x5D, 0xE1, 0xAC,
        0x12, 0xDA, 0x6F, 0x75, 0xD4, 0xBB, 0xE4, 0xF7, 0xFD, 0x5E, 0x47, 0xF4, 0xBB, 0x7E, 0xC7, 0x6F,
        0xF0, 0x75, 0xE0, 0x9C, 0xD9, 0xA6, 0x71, 0x77, 0xA2, 0x47, 0xA6, 0xE9, 0x6F, 0xFC, 0xBD, 0xCE,
        0x7E, 0x17, 0xD4, 0xC9, 0xDF, 0x7A, 0x0B, 0x21, 0x7E, 0xC5, 0xFD, 0x7D, 0xC0, 0x67, 0x9A, 0x01,
        0x1F, 0xE0, 0x0B, 0x9C, 0x80, 0x03, 0x70, 0xBD, 0xE6, 0xBF, 0xF9, 0x37, 0x20, 0x84, 0x50, 0x01,
        0xBC, 0x7F, 0x17, 0x70, 0x6A, 0xF5, 0x8B, 0x70, 0x19, 0xF9, 0xCB, 0x31, 0xE0, 0x65, 0xBC, 0x25,
        0x70, 0x04, 0x4E, 0xE2, 0x1A, 0xB8, 0x00, 0x67, 0xE0, 0x0E, 0x5C, 0x15, 0x29, 0xF0, 0x9A, 0x34,
        0xA5, 0x1E, 0xF8, 0x2D, 0x94, 0xE0, 0x15, 0x7C, 0x82, 0x53, 0x3C, 0x08, 0xEE, 0x81, 0x28, 0xB8,
        0x05, 0xD7, 0xE0, 0x17, 0x3C, 0x83, 0x63, 0xF0, 0x0D, 0xFE, 0xA2, 0x3A, 0x38, 0x07, 0x47, 0x7A,
        0x1F, 0x1C, 0x0F, 0x79, 0x70, 0x10, 0x1E, 0xC2, 0x47, 0xCF, 0x7F, 0xBE, 0x59, 0x22, 0x9C, 0x1D,
        0x8D, 0x70, 0x12, 0xDE, 0x9D, 0x18, 0x6B, 0x09, 0x37, 0xE1, 0x91, 0xEA, 0x84, 0xA3, 0xF0, 0x14,
        0xAE, 0xC2, 0x57, 0xB8, 0x32, 0x63, 0xE1, 0x2E, 0xBC, 0x85, 0x93, 0xB7, 0x17, 0xCE, 0xFC, 0x60,
        0x78, 0x0C, 0x97, 0xE1, 0x33, 0x1C, 0xC3, 0x6D, 0x2C, 0x1A, 0xBE, 0x94, 0x58, 0x63, 0x0D, 0xB7,
        0xE1, 0x1E, 0xEF, 0x86, 0xFF, 0x70, 0x1C, 0xAE, 0xC3, 0x73, 0xF8, 0x0E, 0x2F, 0x7F, 0x3C, 0xBC,
        0x87, 0xFB, 0x70, 0x20, 0xCE, 0x6C, 0xCA, 0x5A, 0xD2, 0x03, 0x4D, 0x36, 0xC9, 0xE5, 0x75, 0x1A,
        0x66, 0x37, 0xC4, 0xA3, 0xCE, 0xF4, 0x12, 0xE2, 0x47, 0x3C, 0xA3, 0x85, 0xC1, 0x22, 0x6E, 0xC4,
        0x1B, 0x0F, 0x12, 0x1F, 0x74, 0x9D, 0xEC, 0xDD, 0x71, 0x36, 0x22, 0x6E, 0xFE, 0x54, 0x8D, 0x12,
        0x3F, 0x8A, 0x40, 0x8D, 0x2C, 0x46, 0xA8, 0x24, 0xFE, 0xC6, 0xB4, 0xF8, 0x01, 0xB3, 0x71, 0x2F,
        0xAF, 0x89, 0x7B, 0x27, 0x09, 0xC5, 0xB1, 0x0A, 0xDD, 0x2A, 0x62, 0xE2, 0x4B, 0x5C, 0xE9, 0xFD,
        0xA8, 0xD8, 0xF6, 0xC4, 0xA1, 0xF8, 0x4D, 0x72, 0xE2, 0x51, 0x5C, 0x8A, 0x53, 0xF1, 0x30, 0x36,
        0xC5, 0xC9, 0x8E, 0x15, 0xAF, 0xE2, 0x57, 0x3C, 0x8B, 0x6F, 0x71, 0x2E, 0x4E, 0xBD, 0x9A, 0x54,
        0x17, 0x8F, 0x37, 0x5E, 0xDC, 0x8A, 0x7D, 0x71, 0x30, 0xBE, 0xF4, 0x1C, 0x4F, 0x18, 0xA7, 0x69,
        0x3A, 0x46, 0x8C, 0xBF, 0x29, 0xCB, 0xB5, 0xC6, 0xCA, 0x38, 0x19, 0x1F, 0xE3, 0x6B, 0x3C, 0x8D,
        0x9B, 0x71, 0x34, 0x7E, 0xC6, 0xD5, 0xF8, 0xF5, 0x71, 0xE3, 0xD5, 0xEB, 0x8D, 0x5F, 0x23, 0x36,
        0xDE, 0xC6, 0x91, 0x62, 0x4D, 0x43, 0x60, 0x70, 0x7C, 0x8E, 0xC7, 0x71, 0x39, 0x8E, 0x0B, 0xCB,
        0x9B, 0x1D, 0xA7, 0xE3, 0x75, 0xFC, 0x8E, 0x23, 0x72, 0x3D, 0xBE, 0xC7, 0xF3, 0x38, 0x1E, 0xDF,
        0x6B, 0x80, 0x9C, 0x90, 0x07, 0x72, 0x3E, 0x2E, 0xC8, 0x07, 0xB9, 0x22, 0x2F, 0xE4, 0xD6, 0xEB,
        0x90, 0x27, 0x72, 0x43, 0xCE, 0xC8, 0x25, 0xD5, 0x22, 0x6F, 0xE4, 0x8E, 0x3C, 0x92, 0x43, 0xF2,
        0x47, 0x3E, 0xC9, 0x25, 0x39, 0x1D, 0xAC, 0xE4, 0x94, 0xDC, 0x92, 0x5F, 0xF2, 0x4C, 0x8E, 0xC9,
        0xCF, 0x96, 0x26, 0x5F, 0x41, 0x9B, 0xBC, 0x93, 0x7B, 0xF2, 0x4F, 0xCE, 0xC9, 0x41, 0x39, 0x95,
        0x0A, 0xE5, 0x8F, 0x47, 0x0A, 0xB1, 0x22, 0x51, 0xEE, 0xE2, 0x3A, 0xDB, 0x28, 0x37, 0xE5, 0x32,
        0xAA, 0x94, 0x93, 0xF2, 0x3C, 0x74, 0xCA, 0xE5, 0x4D, 0x2A, 0xD7, 0x4C, 0xA8, 0x3C, 0x96, 0xAF,
        0xF2, 0x56, 0x3E, 0xFA, 0x54, 0x39, 0x2B, 0x87, 0xE5, 0xAE, 0x1C, 0xF2, 0xBC, 0x72, 0x59, 0x9E,
        0xE7, 0x2C, 0xE2, 0xA4, 0x9A, 0xE5, 0x81, 0xB0, 0x96, 0xD3, 0x72, 0x5C, 0x0E, 0x0A, 0x6F, 0x79,
        0xC3, 0xB1, 0xE5, 0xBB, 0x5C, 0x97, 0xE7, 0xF2, 0xC8, 0xC6, 0xCB, 0x7B, 0xB9, 0x2F, 0x67, 0x4A,
        0x44, 0x08, 0x98, 0x07, 0x73, 0x61, 0x8E, 0xB6, 0x86, 0xF9, 0x8A, 0x22, 0xE6, 0xC5, 0xFC, 0x4B,
        0x7A, 0x49, 0x63, 0x0E, 0x9D, 0x8F, 0xF9, 0x30, 0x53, 0x5A, 0x5F, 0x0E, 0x99, 0x4F, 0x3E, 0xA9,
        0xE6, 0x95, 0x90, 0x59, 0x82, 0xC1, 0x80, 0x76, 0xAB, 0x0F, 0x7D, 0x20, 0xCA, 0x97, 0xCC, 0x97,
        0xB9, 0x32, 0xF7, 0x34, 0x34, 0x8E, 0x99, 0x5F, 0x3A, 0xC9, 0xD6, 0xCC, 0x63, 0xD5, 0x33, 0x07,
        0x82, 0xDE, 0x3C, 0x9A, 0x4B, 0xF3, 0xA3, 0xE6, 0xC9, 0xAE, 0x98, 0x79, 0x83, 0xE6, 0xB4, 0x27,
        0x9B, 0x5B, 0xF3, 0x71, 0x7E, 0xDE, 0x00, 0xDA, 0x34, 0xE7, 0x6B, 0xB2, 0x8D, 0x9A, 0x63, 0x73,
        0xC0, 0x75, 0xE8, 0x94, 0x1A, 0xF0, 0xBA, 0xE6, 0x6C, 0x4C, 0x8C, 0x55, 0xF3, 0xD3, 0x12, 0x14,
        0xB5, 0xF9, 0x27, 0xA3, 0x54, 0x69, 0x8B, 0x9B, 0x6F, 0xF3, 0xF6, 0xD2, 0xCD, 0x1D, 0x5E, 0x39,
        0xCF, 0x70, 0x8B, 0x0B, 0x9F, 0xD9, 0x20, 0x72, 0x6E, 0x09, 0x3D, 0x4C, 0xE5, 0xFB, 0x34, 0xDF,
        0x1C, 0x9C, 0x87, 0x73, 0x71, 0x9E, 0xDF, 0x84, 0x59, 0x78, 0x31, 0xE7, 0xE7, 0x3C, 0xE4, 0xEF,
        0x31, 0x74, 0x3E, 0x65, 0x56, 0x58, 0x2B, 0xCA, 0x85, 0xE9, 0x7C, 0xB1, 0x61, 0xB1, 0x2A, 0xA5,
        0xCE, 0xDB, 0x79, 0xB1, 0x5A, 0xE7, 0x0A, 0x2C, 0x81, 0x89, 0x97, 0x84, 0xF8, 0xCE, 0xE1, 0x5D,
        0x3C, 0x87, 0xE7, 0xEE, 0x9C, 0x20, 0x4B, 0x1D, 0x67, 0x3E, 0xCF, 0xE5, 0x39, 0x3D, 0xBF, 0x84,
        0x1F, 0xAE, 0xF9, 0xD5, 0xF3, 0x2B, 0x65, 0xCF, 0xEF, 0x39, 0x3E, 0x07, 0x6C, 0xE8, 0x05, 0x27,
        0x65, 0x45, 0x7E, 0x3E, 0x85, 0xF2, 0xB9, 0x3E, 0xA7, 0x7A, 0xF3, 0x06, 0x13, 0xF6, 0x9F, 0xD9,
        0xD6, 0xCF, 0xFD, 0xF9, 0x3F, 0x0F, 0x6C, 0x01, 0x1D, 0xA0, 0x47, 0x38, 0x81, 0x5E, 0xA9, 0xBC,
        0x94, 0x9E, 0x8B, 0x68, 0x70, 0x8A, 0x71, 0x0D, 0x74, 0x82, 0xCE, 0xB7, 0x0A, 0xBA, 0x41, 0x3F,
        0xE8, 0xCF, 0xD0, 0x52, 0x25, 0x74, 0x84, 0x9E, 0x93, 0xA6, 0xD2, 0x77, 0x62, 0xE8, 0xC6, 0x6A,
        0xA1, 0x2B, 0xF4, 0x53, 0xD6, 0x8E, 0x82, 0x97, 0xAB, 0xC3, 0x54, 0x0D, 0xBD, 0x63, 0x41, 0x74,
        0x87, 0xFE, 0xD0, 0x25, 0x7A, 0x44, 0xC7, 0x59, 0x13, 0x9D, 0xA2, 0x57, 0x74, 0x67, 0x17, 0x99,
        0xBE, 0x94, 0x45, 0xBF, 0xE8, 0xE2, 0x90, 0x54, 0xB1, 0x41, 0x85, 0x88, 0xD1, 0x41, 0x50, 0x46,
        0x17, 0x6C, 0x1C, 0x1D, 0xE3, 0xA8, 0x2D, 0x8D, 0xBE, 0xD1, 0xBD, 0x1A, 0xFD, 0xD3, 0x41, 0x1E,
        0xFD, 0xA3, 0x77, 0xF4, 0x90, 0xDE, 0xE1, 0xC4, 0x4D, 0x49, 0x17, 0xE9, 0x24, 0x1D, 0xA4, 0xBB,
        0xF5, 0x91, 0x9E, 0x12, 0xB1, 0x51, 0x4B, 0x9F, 0x6C, 0x28, 0x7D, 0xA5, 0xA7, 0x74, 0x97, 0xFE,
        0xD2, 0x4F, 0x3A, 0x4D, 0xA7, 0x32, 0x26, 0x7D, 0xD5, 0xA9, 0x74, 0x8F, 0xA5, 0x93, 0xCE, 0x9F,
        0x08, 0x2A, 0x55, 0xFA, 0x8D, 0x81, 0xC9, 0x74, 0x96, 0x1E, 0xD3, 0x83, 0xA0, 0x4D, 0x9B, 0xE9,
        0x30, 0x7D, 0x81, 0xDD, 0x74, 0x9B, 0x5E, 0xD3, 0x9D, 0xDF, 0xB6, 0xC2, 0xE9, 0x9D, 0x6F, 0xC6,
        0x94, 0x3C, 0x89, 0x86, 0x7D, 0x74, 0x3A, 0x4F, 0x5A, 0x4E, 0x39, 0xBD, 0x71, 0x39, 0x2E, 0xA0,
        0x2E, 0xD4, 0x73, 0x56, 0x50, 0x1F, 0xEA, 0x11, 0x88, 0xE4, 0x81, 0x29, 0xA1, 0xC8, 0xD3, 0x6D,
        0x93, 0x57, 0x2C, 0xEA, 0x44, 0xDD, 0xA8, 0xEF, 0xF4, 0x13, 0x47, 0xDB, 0xAA, 0xDA, 0x52, 0x17,
        0x67, 0x47, 0x1D, 0xA9, 0x33, 0x21, 0xA5, 0xEE, 0x8A, 0x92, 0xFA, 0xC7, 0xCA, 0x38, 0x4F, 0xBD,
        0x2F, 0x65, 0x31, 0xA4, 0xA6, 0x6D, 0x9A, 0xBA, 0x53, 0x0F, 0x6A, 0x4C, 0x1D, 0xAA, 0x5B, 0xF5,
        0xAC, 0x8E, 0xD5, 0x19, 0x5B, 0x54, 0x97, 0xEA, 0x55, 0xFD, 0xAA, 0xFB, 0x1F, 0xAD, 0x4E, 0xD5,
        0xA7, 0xBA, 0x57, 0xFF, 0xEA, 0x60, 0xBD, 0xAB, 0x73, 0x75, 0x90, 0x85, 0xDE, 0xB6, 0x3A, 0x59,
        0x17, 0xEB, 0x63, 0x3D, 0xAC, 0xDB, 0xB2, 0xB2, 0x6E, 0xD6, 0xD1, 0xFA, 0xD4, 0x39, 0xEB, 0x78,
        0x70, 0xAE, 0xA7, 0x75, 0xB6, 0xAE, 0xD6, 0xD7, 0x7A, 0x5B, 0x7F, 0xEB, 0x70, 0x3D, 0xAE, 0xD3,
        0x75, 0xB9, 0x5E, 0xD7, 0xEF, 0xBA, 0x5D, 0xBF, 0x69, 0x65, 0x10, 0xAF, 0x37, 0xB0, 0xBC, 0x2E,
        0xF8, 0xF4, 0xBA, 0xB2, 0xD9, 0x30, 0x55, 0x87, 0xEA, 0xEC, 0x75, 0xBE, 0xDE, 0xD7, 0xFD, 0x3A,
        0x60, 0xB7, 0x3A, 0xF4, 0xA6, 0x27, 0xD1, 0x3A, 0xC1, 0x1E, 0xD8, 0x07, 0xFB, 0x8E, 0x31, 0xEC,
        0x85, 0x9D, 0xB0, 0x1F, 0x76, 0xC5, 0x5E, 0x5C, 0x10, 0x3B, 0x63, 0x5F, 0xEC, 0x8E, 0xBD, 0xB1,
        0x3F, 0x76, 0xF6, 0x06, 0xD9, 0x23, 0xFB, 0x64, 0x97, 0xEC, 0x4C, 0x8F, 0xB2, 0x57, 0xF6, 0xD1,
        0x64, 0xD9, 0x2F, 0x3B, 0xFA, 0x53, 0x61, 0xA2, 0x25, 0x91, 0x61, 0xF6, 0xA6, 0xB7, 0xD9, 0x33,
        0xBB, 0x4F, 0xD2, 0xEC, 0xC0, 0x68, 0xF0, 0x75, 0xF6, 0xCF, 0xEE, 0xD9, 0x41, 0x3B, 0x80, 0xB9,
        0x5B, 0xDC, 0xEA, 0xEA, 0x84, 0x76, 0x43, 0x37, 0xDA, 0x03, 0x8C, 0x68, 0x17, 0x6A, 0x0B, 0x31,
        0xBD, 0x71, 0x76, 0x72, 0xF8, 0x8A, 0x74, 0xE1, 0x0D, 0x92, 0x87, 0x47, 0x08, 0x94, 0x01, 0x69,
        0xD2, 0xBE, 0x6C, 0x1E, 0x57, 0xBD, 0x31, 0xED, 0xA7, 0xBD, 0xB4, 0x13, 0xA2, 0xCD, 0x14, 0xB2,
        0x04, 0xCC, 0x45, 0x4C, 0xED, 0xEC, 0x1C, 0xB5, 0xB3, 0x76, 0xD5, 0xBE, 0xDA, 0x5B, 0xBB, 0x6B,
        0x57, 0x89, 0xAF, 0x1D, 0xB6, 0x1F, 0xAF, 0x5C, 0xD7, 0xB9, 0xCA, 0x4E, 0x26, 0x5C, 0x35, 0x97,
        0x2A, 0x1B, 0xCD, 0x76, 0xD9, 0x3E, 0xA1, 0x68, 0x7B, 0x6C, 0x3F, 0x4E, 0xB8, 0x7D, 0x6D, 0x53,
        0xCA, 0xCB, 0x65, 0xDB, 0xC7, 0xE1, 0x8B, 0x53, 0x30, 0xE1, 0x8B, 0x46, 0xD5, 0xBD, 0x0F, 0xB3,
        0x12, 0x97, 0x61, 0x6E, 0x27, 0x6D, 0x79, 0x4A, 0xB7, 0xEF, 0xF6, 0xB5, 0xC5, 0xDB, 0x59, 0xE2,
        0x6D, 0xF7, 0xED, 0xC0, 0xFD, 0xB7, 0xF7, 0xF6, 0xE0, 0x2E, 0xDC, 0xB5, 0x18, 0xA8, 0x19, 0xEE,
        0x36, 0x90, 0xB8, 0x17, 0xF7, 0xA4, 0x08, 0x5D, 0x8D, 0xFB, 0x71, 0x47, 0xEE, 0xCC, 0x3D, 0xB9,
        0x2B, 0xF7, 0xE5, 0xDE, 0xDC, 0x85, 0x57, 0x1D, 0x1C, 0x5E, 0xCE, 0x3D, 0xDE, 0x3D, 0x77, 0x79,
        0xAF, 0x04, 0xA1, 0x7B, 0x74, 0x97, 0xEE, 0xF6, 0x86, 0xBA, 0xE3, 0xAD, 0xEA, 0x3E, 0x84, 0xAC,
        0xBB, 0x76, 0xC7, 0xEE, 0xD9, 0x7D, 0xE2, 0x5C, 0xF7, 0xED, 0xCE, 0xDD, 0x8D, 0x4B, 0x77, 0xF7,
        0xEE, 0x22, 0xEB, 0xBB, 0x9B, 0x1E, 0xF1, 0x1E, 0xDE, 0xC1, 0x7B, 0x04, 0xD7, 0x7C, 0xE3, 0x9D,
        0xBC, 0x97, 0x77, 0xF3, 0x7E, 0xDE, 0xD1, 0x3B, 0xD6, 0x49, 0xEF, 0xEA, 0x5D, 0xC8, 0xB1, 0xF7,
        0x3C, 0xF3, 0xDE, 0xDD, 0xFB, 0x80, 0xF9, 0x3F, 0x85, 0x0F, 0xA7, 0x81, 0x25, 0xA0, 0x74, 0xAC,
        0xF6, 0x56, 0x7C, 0x87, 0xEF, 0xA1, 0xD0, 0xEC, 0x40, 0x3B, 0x0D, 0xC7, 0xB9, 0x18, 0xA2, 0x1E,
        0xA2, 0xEF, 0xF3, 0x5D, 0xFD, 0xA9, 0xB7, 0x17, 0x53, 0xDF, 0xE5, 0x3B, 0xCC, 0x53, 0x86, 0xF6,
        0xFD, 0xBE, 0xE7, 0x77, 0x54, 0xA6, 0x6F, 0xF6, 0x0D, 0x7E, 0x3F, 0x3B, 0xB0, 0x08, 0xED, 0x78,
        0x36, 0x8F, 0xA8, 0x8D, 0xF4, 0xFB, 0x7E, 0xE7, 0xEF, 0x00, 0x5E, 0xC0, 0x07, 0xF8, 0xAB, 0x37,
        0xE0, 0x09, 0x7C, 0x81, 0x37, 0xF0, 0x08, 0xFE, 0xC0, 0x27, 0x78, 0x79, 0xA7, 0xA0, 0x91, 0x56,
        0xE4, 0x51, 0xF0, 0x0B, 0x5E, 0x4D, 0x6A, 0xDA, 0x68, 0x97, 0x5F, 0x72, 0x0B, 0x85, 0x7A, 0x7E,
        0x3C, 0x8B, 0xC1, 0x77, 0xC1, 0x06, 0xBF, 0x0B, 0x43, 0x0C, 0x78, 0x72, 0xF0, 0xAC, 0xE6, 0xC1,
        0x43, 0x78, 0x09, 0x3F, 0xE1, 0x2B, 0x7C, 0x84, 0xA7, 0xF0, 0x59, 0xC7, 0xC2, 0x5F, 0x78, 0x0C,
        0x9F, 0xE1, 0x35, 0x3C, 0x87, 0xDF, 0xF0, 0x1E, 0x3E, 0xC4, 0x77, 0xF8, 0x0F, 0x0F, 0xE2, 0x45,
        0x3C, 0x00, 0x8A, 0x53, 0x23, 0x9E, 0xC4, 0x07, 0xA5, 0x12, 0xDF, 0x6D, 0xDC, 0x9C, 0x89, 0x3F,
        0xF1, 0xF9, 0x2C, 0xC5, 0xA1, 0xF8, 0x4E, 0xA7, 0xC8, 0x6E, 0x0C, 0x0B, 0x6A, 0x41, 0x13, 0xAD,
        0xC5, 0xBB, 0xA0, 0x56, 0xC3, 0xE2, 0x55, 0xFC, 0x8A, 0x4F, 0xF1, 0x37, 0xDE, 0xC5, 0xBF, 0x78,
        0x18, 0x1F, 0xE3, 0x67, 0xBC, 0x8C, 0xC7, 0x55, 0x34, 0xDE, 0xC6, 0x4B, 0x9E, 0x1A, 0xBF, 0xC5,
        0x62, 0x11, 0x8E, 0x5F, 0x64, 0x39, 0x7E, 0xBD, 0xE9, 0x78, 0x20, 0xDF, 0xE3, 0x79, 0xBC, 0x8F,
        0xDF, 0xF1, 0x42, 0x3E, 0xC8, 0x13, 0xF9, 0x00, 0x34, 0xE4, 0x8B, 0xBC, 0x91, 0x47, 0xF2, 0x47,
        0x3E, 0xC9, 0x2F, 0x79, 0x25, 0xCF, 0x95, 0x98, 0x7C, 0x93, 0xDF, 0x36, 0x4E, 0xFE, 0xC9, 0x47,
        0x2E, 0x28, 0x1F, 0xE5, 0xA5, 0xFC, 0x94, 0x17, 0x4A, 0x54, 0xBE, 0xCA, 0x5B, 0xF9, 0x2B, 0x8F,
        0xE5, 0x5F, 0x9D, 0x96, 0x2F, 0x78, 0x5B, 0x3E, 0xCB, 0x77, 0x79, 0x2E, 0xEF, 0xE5, 0xBF, 0x3C,
        0x98, 0x0F, 0xF3, 0x62, 0x7E, 0xCC, 0x93, 0xF9, 0x32, 0x6F, 0xE6, 0xCF, 0x3C, 0x9A, 0x4F, 0xF3,
        0x6A, 0x7E, 0xCD, 0xB3, 0x79, 0x4A, 0xDB, 0xE6, 0xED, 0xF2, 0xE4, 0x01, 0x36, 0x70, 0xE9, 0xCD,
        0xBB, 0xF9, 0x11, 0x18, 0xE7, 0xE5, 0x3C, 0x9C, 0x9F, 0xF3, 0x02, 0x90, 0xCE, 0x6F, 0x1F, 0xA2,
        0x58, 0xE7, 0xEF, 0x3C, 0x6F, 0xC1, 0xF3, 0x69, 0xCF, 0xCE, 0xE7, 0x79, 0x3D, 0xBF, 0xE7, 0xF9,
        0x7C, 0x9F, 0x77, 0x80, 0xCC, 0x09, 0x37, 0x39, 0x30, 0x3F, 0x1F, 0xE8, 0xFF, 0xBC, 0xA0, 0x7F,
        0x47, 0x80, 0x7E, 0xD0, 0x13, 0xFA, 0x42, 0x9F, 0xE8, 0x93, 0x93, 0x28, 0x53, 0xF4, 0x87, 0xDE,
        0xD0, 0x23, 0x7A, 0x3F, 0xE4, 0xE8, 0x1B, 0x3D, 0xA3, 0x8F, 0x2D, 0x98, 0x9E, 0xD2, 0x57, 0xFA,
        0x48, 0x7F, 0xE9, 0x27, 0xBD, 0xC0, 0x59, 0x8B, 0x96, 0x5E, 0xD2, 0x43, 0xFA, 0x47, 0xAF, 0xE9,
        0x3B, 0x3D, 0xA7, 0xDF, 0xF4, 0x28, 0x2F, 0xD3, 0xC7, 0x17, 0x4F, 0x0F, 0xEA, 0x1F, 0xCE, 0xA2,
        0xB7, 0x30, 0xA2, 0x3E, 0xD4, 0x7F, 0x7A, 0x66, 0x06, 0x01, 0x31, 0xE2, 0xA8, 0x27, 0xF5, 0xA5,
        0xDE, 0xD4, 0x9F, 0xFA, 0x9C, 0x86, 0xEA, 0x6B, 0x5D, 0xAB, 0x4F, 0xF5, 0xAA, 0x1E, 0xFA, 0x09,
        0x41, 0x07, 0xE7, 0xEA, 0x5F, 0x3D, 0x7F, 0x63, 0xF5, 0xAB, 0x1E, 0xCD, 0xDC, 0x7A, 0x5B, 0x5F,
        0x65, 0x68, 0xFD, 0xAC, 0x8F, 0xF5, 0x1B, 0x07, 0xD6, 0xC3, 0xA8, 0x33, 0x33, 0x94, 0x74, 0x7D,
        0xAE, 0xC7, 0xF5, 0xB5, 0x7E, 0xD7, 0xF3, 0x7A, 0x62, 0x3F, 0xEC, 0x8B, 0x3D, 0x83, 0x01, 0xF6,
        0xC1, 0x9E, 0x2A, 0xDD, 0x40, 0x61, 0x1F, 0xFD, 0x94, 0xBD, 0xB1, 0x5F, 0xF6, 0xC8, 0xFE, 0xD8,
        0xEF, 0x21, 0x66, 0xDF, 0xEC, 0x9D, 0x7D, 0xB2, 0x97, 0xF5, 0xCF, 0xFE, 0xAB, 0x4D, 0x7B, 0x6A,
        0x2F, 0xED, 0xA3, 0xFD, 0xB5, 0x87, 0xF6, 0xD5, 0xDE, 0xDA, 0x67, 0x7B, 0x6C, 0xBF, 0xED, 0xB9,
        0x7D, 0xB7, 0x47, 0x8B, 0xDA, 0x3E, 0x95, 0xAD, 0x26, 0x6F, 0xFF, 0xED, 0xC1, 0x7D, 0xB8, 0x17,
        0xF7, 0xB2, 0x68, 0xDC, 0x93, 0xFB, 0x16, 0x55, 0xEE, 0xCD, 0xFD, 0xB9, 0x47, 0xF7, 0xEB, 0x3E,
        0xDD, 0x6F, 0x45, 0x75, 0xDF, 0x12, 0xD9, 0x7D, 0x46, 0x6C, 0xF7, 0x9E, 0xCE, 0xDD, 0xC3, 0xFB,
        0x78, 0xFF, 0xEE, 0x9B, 0xD2, 0x12, 0x1C, 0x80, 0x35, 0x14, 0xD8, 0x6E, 0xC0, 0x34, 0x33, 0xEF,
        0x5F, 0x0F, 0xBD, 0xAF, 0xF7, 0xF6, 0xBE, 0x2A, 0xDD, 0x7B, 0xE9, 0x9B, 0x05, 0x43, 0x19, 0xBE,
        0xD7, 0xF7, 0xF9, 0x7E, 0xDF, 0xF3, 0xFB, 0x7E, 0xEF, 0xEF, 0x01, 0x7E, 0xC0, 0x17, 0xF8, 0x03,
        0x9F, 0xE0, 0x17, 0x7C, 0x83, 0x7F, 0xF0, 0x11, 0xFE, 0x60, 0xDB, 0x46, 0x0A, 0x9F, 0x85, 0x2D,
        0x7C, 0x86, 0x0F, 0xF0, 0x1A, 0xBE, 0xC3, 0xB7, 0xC6, 0x58, 0x7C, 0xBD, 0x3F, 0x7C, 0x88, 0x2F,
        0xF1, 0x27, 0x3E, 0xC5, 0x77, 0x89, 0x11, 0xBF, 0xE2, 0x5B, 0x7C, 0x8C, 0x7F, 0xF1, 0x35, 0xFE,
        0xC6, 0xCF, 0xF8, 0xF4, 0x90, 0xE3, 0x77, 0xFC, 0x79, 0xEC, 0xF1, 0x13, 0x00, 0x15, 0x80, 0x02,
        0x53, 0xA0, 0x0A, 0xA4, 0x00, 0x15, 0x60, 0x05, 0x76, 0xC0, 0x00, 0x20, 0x00, 0x1E, 0xE0, 0x19,
        0x40, 0x83, 0x68, 0x20, 0x0D, 0xA6, 0x01, 0x35, 0xA8, 0x06, 0xD6, 0xE0, 0x1A, 0x60, 0x03, 0x03,
        0x70, 0x00, 0x86, 0x40, 0x10, 0x20, 0x02, 0x08, 0xE0, 0x0A, 0x80, 0x83, 0x70, 0x20, 0x0E, 0xC6,
        0x01, 0x39, 0x28, 0x07, 0xE6, 0xE0, 0x1C, 0xA0, 0x83, 0x74, 0xA0, 0x0E, 0xD6, 0x01, 0x3B, 0x68,
        0x07, 0xEE, 0xE0, 0x1D, 0xC0, 0x83, 0x78, 0x20, 0x0F, 0xE6, 0x01, 0x3D, 0xA8, 0x07, 0xF6, 0xE0,
        0x1E, 0xE0, 0x83, 0x7C, 0xD0, 0x02, 0x5C, 0xC0, 0x03, 0x88, 0x00, 0x0D, 0x20, 0x20, 0x08, 0x84,
        0x81, 0x40, 0x10, 0x0A, 0x82, 0x41, 0x38, 0x08, 0x08, 0x21, 0x21, 0x28, 0x84, 0x85, 0xC0, 0x10,
        0x1A, 0x82, 0x43, 0x78, 0x08, 0x10, 0x21, 0x22, 0x48, 0x84, 0x89, 0x40, 0x11, 0x2A, 0x82, 0x45,
        0xB8, 0x08, 0x18, 0x21, 0x23, 0x68, 0x84, 0x17, 0x20, 0x02, 0x60, 0x00, 0x04, 0x78, 0x02, 0x00,
        0x00, 0x00,
    ];
}
